,useDate,temp,rain,wind,hum,ss,sr
0,2023-08-01 00:00,25.3,0,0.3,80,0,0
1,2023-08-01 01:00,24.8,0,0.0,82,0,0
2,2023-08-01 02:00,24.8,0,2.6,82,0,0
3,2023-08-01 03:00,24.5,0,1.6,83,0,0
4,2023-08-01 04:00,24.0,0,1.1,87,0,0
5,2023-08-01 05:00,23.7,0,2.1,87,0,0
6,2023-08-01 06:00,23.8,0,0.7,88,0.0,0.02
7,2023-08-01 07:00,26.3,0,0.7,82,1.0,0.43
8,2023-08-01 08:00,29.1,0,1.0,74,1.0,1.13
9,2023-08-01 09:00,30.0,0,1.2,68,1.0,1.85
10,2023-08-01 10:00,29.9,0,1.3,66,0.5,1.54
11,2023-08-01 11:00,31.5,0,1.7,59,0.9,2.82
12,2023-08-01 12:00,31.9,0,2.1,53,0.9,3.2
13,2023-08-01 13:00,32.5,0,2.2,51,1.0,3.4
14,2023-08-01 14:00,32.6,0,1.8,52,1.0,3.32
15,2023-08-01 15:00,32.1,0,2.6,50,1.0,2.81
16,2023-08-01 16:00,32.1,0,1.8,48,1.0,2.18
17,2023-08-01 17:00,31.4,0,1.9,56,0.8,1.38
18,2023-08-01 18:00,31.3,0,1.4,54,0.8,0.96
19,2023-08-01 19:00,30.0,0,1.4,59,0.8,0.45
20,2023-08-01 20:00,28.0,0,0.0,67,0.0,0.02
21,2023-08-01 21:00,26.7,0,0.0,72,0,0
22,2023-08-01 22:00,26.1,0,0.0,72,0,0
23,2023-08-01 23:00,25.6,0,0.0,73,0,0
24,2023-08-02 00:00,25.4,0,0.8,80,0,0
25,2023-08-02 01:00,25.2,0,0.0,83,0,0
26,2023-08-02 02:00,25.1,0,2.6,82,0,0
27,2023-08-02 03:00,24.8,0,1.9,84,0,0
28,2023-08-02 04:00,24.4,0,1.3,87,0,0
29,2023-08-02 05:00,24.3,0,0.2,88,0,0
30,2023-08-02 06:00,24.3,0,0.2,90,0.0,0.01
31,2023-08-02 07:00,26.6,0,0.4,85,0.5,0.43
32,2023-08-02 08:00,28.9,0,0.6,76,1.0,1.12
33,2023-08-02 09:00,30.3,0,1.5,71,1.0,1.62
34,2023-08-02 10:00,30.6,0,0.4,66,0.9,2.0
35,2023-08-02 11:00,31.1,0,1.0,64,0.3,1.57
36,2023-08-02 12:00,31.7,0,1.6,65,0.3,1.66
37,2023-08-02 13:00,32.1,0,2.0,64,1.0,2.94
38,2023-08-02 14:00,31.9,0,2.1,64,1.0,3.06
39,2023-08-02 15:00,32.2,0,2.4,62,1.0,2.9
40,2023-08-02 16:00,30.9,0,2.3,69,0.9,2.1
41,2023-08-02 17:00,30.4,0,2.5,69,0.7,1.01
42,2023-08-02 18:00,29.9,0,1.5,71,0.5,0.57
43,2023-08-02 19:00,29.3,0,0.8,74,0.6,0.37
44,2023-08-02 20:00,27.9,0,0.5,79,0.0,0.02
45,2023-08-02 21:00,27.4,0,1.3,82,0,0
46,2023-08-02 22:00,27.0,0,0.3,84,0,0
47,2023-08-02 23:00,26.5,0,0.2,86,0,0
48,2023-08-03 00:00,26.1,0,0.1,87,0,0
49,2023-08-03 01:00,26.1,0,0.3,87,0,0
50,2023-08-03 02:00,25.6,0,0.0,88,0,0
51,2023-08-03 03:00,25.5,0,0.4,89,0,0
52,2023-08-03 04:00,25.1,0,0.2,90,0,0
53,2023-08-03 05:00,24.8,0,1.3,87,0,0
54,2023-08-03 06:00,24.9,0,1.1,87,0.0,0.01
55,2023-08-03 07:00,27.1,0,0.4,82,0.7,0.35
56,2023-08-03 08:00,29.1,0,0.8,76,1.0,0.92
57,2023-08-03 09:00,31.4,0,0.5,59,1.0,1.9
58,2023-08-03 10:00,32.5,0,1.7,55,1.0,2.11
59,2023-08-03 11:00,32.7,0,2.3,56,1.0,2.72
60,2023-08-03 12:00,32.8,0,2.0,58,1.0,3.23
61,2023-08-03 13:00,31.7,0,3.3,67,0.9,3.01
62,2023-08-03 14:00,31.8,0,3.0,70,0.9,3.02
63,2023-08-03 15:00,32.7,0,2.8,66,0.9,2.6
64,2023-08-03 16:00,32.5,0,2.3,63,1.0,2.27
65,2023-08-03 17:00,32.0,0,2.3,60,1.0,1.64
66,2023-08-03 18:00,31.9,0,1.1,61,1.0,0.99
67,2023-08-03 19:00,29.8,0,1.0,65,0.6,0.31
68,2023-08-03 20:00,28.7,0,1.0,69,0.0,0.02
69,2023-08-03 21:00,28.0,0,0.5,72,0,0
70,2023-08-03 22:00,27.4,0,0.4,75,0,0
71,2023-08-03 23:00,26.8,0,1.1,80,0,0
72,2023-08-04 00:00,26.2,0,0.7,81,0,0
73,2023-08-04 01:00,25.7,0,1.6,84,0,0
74,2023-08-04 02:00,25.5,0,0.0,86,0,0
75,2023-08-04 03:00,25.5,0,1.1,85,0,0
76,2023-08-04 04:00,25.1,0,0.5,87,0,0
77,2023-08-04 05:00,25.1,0,1.2,85,0,0
78,2023-08-04 06:00,25.0,0,1.9,85,0.0,0.01
79,2023-08-04 07:00,26.9,0,0.4,83,0.9,0.37
80,2023-08-04 08:00,28.3,0,1.1,77,0.8,0.89
81,2023-08-04 09:00,30.9,0,1.3,67,0.8,1.75
82,2023-08-04 10:00,32.0,0,2.1,55,0.9,2.23
83,2023-08-04 11:00,32.4,0,2.0,53,0.8,2.4
84,2023-08-04 12:00,34.4,0,1.7,48,1.0,3.25
85,2023-08-04 13:00,33.4,0,2.4,47,0.7,2.61
86,2023-08-04 14:00,32.9,0,2.8,54,0.9,2.87
87,2023-08-04 15:00,31.4,0,2.1,68,0.8,1.86
88,2023-08-04 16:00,31.8,0,2.3,68,0.7,2.0
89,2023-08-04 17:00,31.1,0,2.6,69,1.0,1.78
90,2023-08-04 18:00,30.2,0,1.9,72,1.0,1.04
91,2023-08-04 19:00,28.9,0,1.5,72,0.6,0.32
92,2023-08-04 20:00,28.2,0,0.8,75,0.0,0.02
93,2023-08-04 21:00,27.7,0,0.3,77,0,0
94,2023-08-04 22:00,27.3,0,0.0,79,0,0
95,2023-08-04 23:00,26.6,0,0.0,79,0,0
96,2023-08-05 00:00,26.5,0,0.4,78,0,0
97,2023-08-05 01:00,25.9,0,0.4,81,0,0
98,2023-08-05 02:00,25.5,0,0.8,85,0,0
99,2023-08-05 03:00,25.3,0,0.3,88,0,0
100,2023-08-05 04:00,25.2,0,1.5,88,0,0
101,2023-08-05 05:00,24.8,0,1.0,88,0,0
102,2023-08-05 06:00,24.9,0,0.4,87,0.0,0.02
103,2023-08-05 07:00,27.5,0,1.1,78,1.0,0.39
104,2023-08-05 08:00,29.5,0,0.9,71,1.0,1.09
105,2023-08-05 09:00,30.8,0,1.2,66,1.0,1.79
106,2023-08-05 10:00,32.2,0,0.7,60,1.0,2.43
107,2023-08-05 11:00,32.3,0,2.5,64,0.8,2.61
108,2023-08-05 12:00,32.9,0,3.0,64,1.0,3.37
109,2023-08-05 13:00,33.0,0,1.8,62,1.0,3.42
110,2023-08-05 14:00,32.9,0,2.5,61,1.0,3.25
111,2023-08-05 15:00,32.7,0,2.3,61,1.0,2.9
112,2023-08-05 16:00,32.3,0,2.5,62,1.0,2.39
113,2023-08-05 17:00,31.7,0,1.7,62,1.0,1.77
114,2023-08-05 18:00,31.6,0,1.0,59,1.0,1.04
115,2023-08-05 19:00,30.5,0,0.4,62,0.7,0.33
116,2023-08-05 20:00,28.8,0,0.9,69,0.0,0.01
117,2023-08-05 21:00,28.2,0,1.1,72,0,0
118,2023-08-05 22:00,27.3,0,0.6,77,0,0
119,2023-08-05 23:00,26.8,0,0.7,80,0,0
120,2023-08-06 00:00,26.4,0,0.4,84,0,0
121,2023-08-06 01:00,26.0,0,0.5,86,0,0
122,2023-08-06 02:00,26.2,0,1.3,84,0,0
123,2023-08-06 03:00,26.0,0,1.4,87,0,0
124,2023-08-06 04:00,25.8,0,2.2,87,0,0
125,2023-08-06 05:00,25.9,0,0.5,87,0,0
126,2023-08-06 06:00,25.8,0,1.1,86,0.0,0.01
127,2023-08-06 07:00,28.2,0,0.4,80,1.0,0.4
128,2023-08-06 08:00,30.5,0,1.2,69,1.0,1.07
129,2023-08-06 09:00,31.3,0,1.2,67,1.0,1.82
130,2023-08-06 10:00,32.8,0,2.3,61,0.9,2.19
131,2023-08-06 11:00,32.3,0,3.5,61,1.0,3.08
132,2023-08-06 12:00,31.8,0,4.2,61,1.0,3.3
133,2023-08-06 13:00,32.8,0,3.7,60,1.0,3.33
134,2023-08-06 14:00,32.7,0,3.2,60,1.0,3.25
135,2023-08-06 15:00,32.4,0,3.2,57,1.0,2.84
136,2023-08-06 16:00,31.4,0,4.3,59,1.0,2.45
137,2023-08-06 17:00,31.4,0,2.9,58,1.0,1.78
138,2023-08-06 18:00,30.3,0,2.7,62,1.0,1.07
139,2023-08-06 19:00,29.2,0,2.1,64,0.7,0.33
140,2023-08-06 20:00,28.5,0,2.9,68,0.0,0.01
141,2023-08-06 21:00,27.7,0,2.5,73,0,0
142,2023-08-06 22:00,27.2,0,2.5,79,0,0
143,2023-08-06 23:00,26.9,0,1.9,81,0,0
144,2023-08-07 00:00,26.8,0,1.7,82,0,0
145,2023-08-07 01:00,26.7,0,2.4,83,0,0
146,2023-08-07 02:00,26.9,0,2.5,82,0,0
147,2023-08-07 03:00,26.7,0,2.2,84,0,0
148,2023-08-07 04:00,26.5,0,2.4,85,0,0
149,2023-08-07 05:00,26.5,0,2.7,86,0,0
150,2023-08-07 06:00,26.6,0,2.9,84,0.0,0.01
151,2023-08-07 07:00,26.9,0,2.7,83,0.0,0.14
152,2023-08-07 08:00,28.9,0,4.3,73,0.9,1.02
153,2023-08-07 09:00,29.9,0,2.8,69,1.0,1.85
154,2023-08-07 10:00,29.5,0,3.0,70,0.2,1.15
155,2023-08-07 11:00,30.0,0,2.7,68,0.2,1.41
156,2023-08-07 12:00,30.0,0,3.1,69,0.0,1.01
157,2023-08-07 13:00,29.6,0,2.8,72,0.0,0.94
158,2023-08-07 14:00,29.2,0,4.7,72,0.1,1.1
159,2023-08-07 15:00,29.4,0,3.9,72,0.1,1.22
160,2023-08-07 16:00,28.4,0,4.1,74,0.1,0.96
161,2023-08-07 17:00,28.5,0,3.7,72,0.2,0.92
162,2023-08-07 18:00,28.0,0,3.5,72,0.3,0.62
163,2023-08-07 19:00,26.7,0.0,3.5,78,0.0,0.25
164,2023-08-07 20:00,26.2,0.0,2.2,80,0.0,0.01
165,2023-08-07 21:00,26.0,0,2.3,82,0,0
166,2023-08-07 22:00,25.6,0,3.2,84,0,0
167,2023-08-07 23:00,25.5,0,1.8,82,0,0
168,2023-08-08 00:00,25.0,0,2.3,83,0,0
169,2023-08-08 01:00,25.0,0,2.2,83,0,0
170,2023-08-08 02:00,25.0,0,3.2,83,0,0
171,2023-08-08 03:00,25.3,0,2.5,83,0,0
172,2023-08-08 04:00,25.3,0,3.0,84,0,0
173,2023-08-08 05:00,25.3,0,2.5,83,0,0
174,2023-08-08 06:00,25.3,0,1.4,83,0.0,0.0
175,2023-08-08 07:00,25.7,0,3.1,81,0.0,0.12
176,2023-08-08 08:00,25.8,0,3.7,81,0.0,0.35
177,2023-08-08 09:00,26.7,0,3.1,78,0.1,0.89
178,2023-08-08 10:00,27.0,0,3.6,77,0.1,1.12
179,2023-08-08 11:00,27.3,0,2.9,75,0.1,1.15
180,2023-08-08 12:00,28.1,0,3.5,72,0.2,1.96
181,2023-08-08 13:00,29.1,0,2.9,69,0.5,2.59
182,2023-08-08 14:00,29.5,0,3.8,68,0.3,2.02
183,2023-08-08 15:00,28.9,0,3.8,70,0.4,1.96
184,2023-08-08 16:00,28.0,0,3.2,73,0.2,1.18
185,2023-08-08 17:00,26.8,0,3.5,78,0.0,0.43
186,2023-08-08 18:00,26.4,0,3.0,78,0.0,0.48
187,2023-08-08 19:00,26.0,0,3.9,79,0.0,0.26
188,2023-08-08 20:00,25.2,0,3.6,81,0.0,0.02
189,2023-08-08 21:00,25.0,0,4.6,81,0,0
190,2023-08-08 22:00,24.9,0,3.7,81,0,0
191,2023-08-08 23:00,25.0,0,3.0,82,0,0
192,2023-08-09 00:00,24.7,0,3.6,83,0,0
193,2023-08-09 01:00,24.5,0,4.3,83,0,0
194,2023-08-09 02:00,24.6,0,4.2,82,0,0
195,2023-08-09 03:00,24.2,0,4.4,83,0,0
196,2023-08-09 04:00,24.0,0,4.9,83,0,0
197,2023-08-09 05:00,24.1,0,5.2,83,0,0
198,2023-08-09 06:00,24.0,0,4.8,83,0.0,0.0
199,2023-08-09 07:00,24.1,0,3.9,84,0.0,0.03
200,2023-08-09 08:00,24.2,0,3.0,84,0.0,0.07
201,2023-08-09 09:00,23.7,0.1,2.7,88,0.0,0.09
202,2023-08-09 10:00,23.2,3.0,3.8,93,0.0,0.1
203,2023-08-09 11:00,23.1,3.3,3.9,93,0.0,0.15
204,2023-08-09 12:00,23.8,4.9,2.7,94,0.0,0.43
205,2023-08-09 13:00,23.8,0.6,4.2,92,0.0,0.43
206,2023-08-09 14:00,23.8,0.1,4.8,92,0.0,0.15
207,2023-08-09 15:00,23.7,1.8,3.4,93,0.0,0.23
208,2023-08-09 16:00,23.7,9.3,3.8,95,0.0,0.15
209,2023-08-09 17:00,24.3,0.9,4.2,91,0.0,0.22
210,2023-08-09 18:00,24.1,0.1,4.2,90,0.0,0.19
211,2023-08-09 19:00,23.8,0.2,5.0,91,0.0,0.03
212,2023-08-09 20:00,23.6,0.0,3.9,92,0.0,0.0
213,2023-08-09 21:00,24.4,1.3,3.2,93,0,0
214,2023-08-09 22:00,24.7,2.9,7.3,92,0,0
215,2023-08-09 23:00,25.2,2.6,6.1,92,0,0
216,2023-08-10 00:00,25.2,5.6,4.4,92,0,0
217,2023-08-10 01:00,25.3,1.5,5.2,92,0,0
218,2023-08-10 02:00,25.1,8.6,4.7,93,0,0
219,2023-08-10 03:00,24.8,9.8,6.3,93,0,0
220,2023-08-10 04:00,25.0,15.6,8.1,95,0,0
221,2023-08-10 05:00,25.4,15.6,7.1,95,0,0
222,2023-08-10 06:00,25.3,3.9,5.7,94,0.0,0.0
223,2023-08-10 07:00,24.9,20.8,7.3,95,0.0,0.01
224,2023-08-10 08:00,25.1,21.6,8.9,95,0.0,0.04
225,2023-08-10 09:00,25.6,6.2,10.6,94,0.0,0.15
226,2023-08-10 10:00,25.2,18.3,8.1,95,0.0,0.12
227,2023-08-10 11:00,25.0,18.3,9.2,95,0.0,0.16
228,2023-08-10 12:00,24.6,4.1,4.5,95,0.0,0.21
229,2023-08-10 13:00,24.3,2.0,4.6,94,0.0,0.27
230,2023-08-10 14:00,26.8,0.0,5.4,81,0.0,1.38
231,2023-08-10 15:00,26.3,0,4.7,76,0.2,1.23
232,2023-08-10 16:00,25.2,0.0,4.3,81,0.0,0.56
233,2023-08-10 17:00,24.4,0.0,4.0,84,0.1,0.67
234,2023-08-10 18:00,24.8,0,3.7,82,0.0,0.43
235,2023-08-10 19:00,24.8,0,4.1,80,0.0,0.12
236,2023-08-10 20:00,25.0,0,5.1,76,0.0,0.01
237,2023-08-10 21:00,24.7,0,3.8,77,0,0
238,2023-08-10 22:00,24.1,0,2.0,79,0,0
239,2023-08-10 23:00,23.5,0,1.6,83,0,0
240,2023-08-11 00:00,22.9,0,0.0,86,0,0
241,2023-08-11 01:00,23.7,0,2.4,81,0,0
242,2023-08-11 02:00,23.1,0,2.5,84,0,0
243,2023-08-11 03:00,23.2,0,1.6,82,0,0
244,2023-08-11 04:00,23.2,0,3.6,82,0,0
245,2023-08-11 05:00,23.2,0,3.8,82,0,0
246,2023-08-11 06:00,23.0,0,2.6,83,0.0,0.01
247,2023-08-11 07:00,24.3,0,2.9,79,0.9,0.37
248,2023-08-11 08:00,26.0,0,2.5,74,1.0,1.09
249,2023-08-11 09:00,27.7,0,3.6,67,1.0,1.83
250,2023-08-11 10:00,29.3,0,3.0,62,1.0,2.5
251,2023-08-11 11:00,30.2,0,2.8,59,1.0,3.02
252,2023-08-11 12:00,30.5,0,4.1,54,0.8,2.9
253,2023-08-11 13:00,30.9,0,4.5,52,0.9,3.19
254,2023-08-11 14:00,31.1,0,2.9,65,0.8,3.06
255,2023-08-11 15:00,30.0,0,4.6,65,0.9,2.8
256,2023-08-11 16:00,30.2,0,3.7,62,1.0,2.37
257,2023-08-11 17:00,29.9,0,3.2,64,1.0,1.71
258,2023-08-11 18:00,29.2,0,3.5,65,0.9,0.92
259,2023-08-11 19:00,27.9,0,3.5,71,0.7,0.37
260,2023-08-11 20:00,26.7,0,1.1,77,0.0,0.0
261,2023-08-11 21:00,26.1,0,2.3,82,0,0
262,2023-08-11 22:00,25.8,0,2.2,81,0,0
263,2023-08-11 23:00,24.4,0,0.5,86,0,0
264,2023-08-12 00:00,24.2,0,0.6,85,0,0
265,2023-08-12 01:00,24.4,0,2.2,87,0,0
266,2023-08-12 02:00,23.9,0,0.7,88,0,0
267,2023-08-12 03:00,23.4,0,0.2,89,0,0
268,2023-08-12 04:00,23.4,0,0.9,91,0,0
269,2023-08-12 05:00,23.7,0,0.5,90,0,0
270,2023-08-12 06:00,23.6,0.0,0.1,92,0.0,0.01
271,2023-08-12 07:00,24.3,0,0.5,91,0.0,0.1
272,2023-08-12 08:00,25.1,0,0.3,88,0.0,0.47
273,2023-08-12 09:00,27.8,0,0.7,79,0.8,1.42
274,2023-08-12 10:00,27.7,0,1.9,73,0.5,1.51
275,2023-08-12 11:00,29.4,0,2.1,68,0.5,2.3
276,2023-08-12 12:00,29.8,0,2.0,71,0.6,2.56
277,2023-08-12 13:00,30.4,0,2.6,68,0.9,3.28
278,2023-08-12 14:00,30.4,0,2.5,59,1.0,3.22
279,2023-08-12 15:00,29.3,0,1.9,60,0.9,2.6
280,2023-08-12 16:00,28.9,0,2.2,62,0.6,1.7
281,2023-08-12 17:00,27.6,0,1.6,67,0.0,0.74
282,2023-08-12 18:00,27.0,0,1.7,68,0.0,0.55
283,2023-08-12 19:00,26.2,0,1.1,69,0.0,0.17
284,2023-08-12 20:00,25.3,0,0.9,73,0.0,0.01
285,2023-08-12 21:00,23.9,0,1.1,80,0,0
286,2023-08-12 22:00,23.5,0,1.1,82,0,0
287,2023-08-12 23:00,23.1,0,0.7,84,0,0
288,2023-08-13 00:00,23.1,0,1.2,85,0,0
289,2023-08-13 01:00,22.9,0,1.1,85,0,0
290,2023-08-13 02:00,22.7,0,1.2,88,0,0
291,2023-08-13 03:00,22.7,0,1.7,92,0,0
292,2023-08-13 04:00,22.7,0,0.5,92,0,0
293,2023-08-13 05:00,22.2,0,1.1,95,0,0
294,2023-08-13 06:00,22.5,0,1.1,95,0.0,0.01
295,2023-08-13 07:00,23.7,0,1.6,91,0.5,0.31
296,2023-08-13 08:00,25.8,0,1.5,81,1.0,0.95
297,2023-08-13 09:00,27.4,0,1.9,74,1.0,1.69
298,2023-08-13 10:00,29.1,0,1.4,66,1.0,2.53
299,2023-08-13 11:00,30.1,0,1.8,60,1.0,3.19
300,2023-08-13 12:00,29.0,0,2.9,66,0.9,3.1
301,2023-08-13 13:00,29.2,0,2.5,65,1.0,3.32
302,2023-08-13 14:00,28.4,0,3.9,69,1.0,3.18
303,2023-08-13 15:00,28.3,0,3.2,67,1.0,2.88
304,2023-08-13 16:00,28.1,0,2.9,71,1.0,2.36
305,2023-08-13 17:00,27.7,0,3.0,70,1.0,1.65
306,2023-08-13 18:00,25.9,0,2.0,78,0.5,0.65
307,2023-08-13 19:00,25.1,0,1.5,83,0.0,0.06
308,2023-08-13 20:00,24.7,0,2.2,82,0.0,0.01
309,2023-08-13 21:00,24.2,0,1.6,83,0,0
310,2023-08-13 22:00,23.8,0,1.1,86,0,0
311,2023-08-13 23:00,23.7,0,1.3,85,0,0
312,2023-08-14 00:00,23.5,0,1.4,85,0,0
313,2023-08-14 01:00,23.4,0,1.9,87,0,0
314,2023-08-14 02:00,23.2,0,1.0,89,0,0
315,2023-08-14 03:00,23.2,0,1.9,89,0,0
316,2023-08-14 04:00,23.4,0,1.5,89,0,0
317,2023-08-14 05:00,23.1,0,1.9,90,0,0
318,2023-08-14 06:00,23.2,0,1.3,91,0.0,0.02
319,2023-08-14 07:00,24.3,0,1.3,88,0.1,0.33
320,2023-08-14 08:00,26.5,0,2.2,79,0.8,1.05
321,2023-08-14 09:00,26.9,0,2.5,75,0.8,1.58
322,2023-08-14 10:00,27.6,0,3.3,69,0.8,2.1
323,2023-08-14 11:00,28.8,0,3.5,65,0.9,2.7
324,2023-08-14 12:00,28.6,0,2.9,65,0.3,1.88
325,2023-08-14 13:00,29.9,0,2.2,65,0.7,2.76
326,2023-08-14 14:00,29.4,0,1.9,64,0.3,1.87
327,2023-08-14 15:00,29.9,0,2.1,64,0.6,2.03
328,2023-08-14 16:00,30.3,0,2.3,63,1.0,2.45
329,2023-08-14 17:00,28.5,0,2.2,70,0.7,1.29
330,2023-08-14 18:00,26.8,0,2.5,77,0.3,0.49
331,2023-08-14 19:00,25.9,0,2.5,81,0.2,0.16
332,2023-08-14 20:00,25.3,0,1.8,82,0.0,0.01
333,2023-08-14 21:00,24.7,0,2.2,83,0,0
334,2023-08-14 22:00,24.8,0,2.3,82,0,0
335,2023-08-14 23:00,24.6,0,2.4,82,0,0
336,2023-08-15 00:00,24.5,0,2.4,82,0,0
337,2023-08-15 01:00,24.3,0,3.0,82,0,0
338,2023-08-15 02:00,24.2,0,3.6,83,0,0
339,2023-08-15 03:00,24.1,0,2.4,83,0,0
340,2023-08-15 04:00,24.3,0,2.9,81,0,0
341,2023-08-15 05:00,24.2,0,2.0,81,0,0
342,2023-08-15 06:00,24.1,0,2.8,80,0.0,0.0
343,2023-08-15 07:00,24.2,0,3.1,79,0.0,0.13
344,2023-08-15 08:00,24.5,0,4.5,77,0.0,0.38
345,2023-08-15 09:00,24.7,0,3.6,76,0.0,0.6
346,2023-08-15 10:00,25.5,0,3.6,73,0.0,0.98
347,2023-08-15 11:00,27.3,0,4.5,66,0.7,2.66
348,2023-08-15 12:00,28.0,0,4.6,62,0.8,2.81
349,2023-08-15 13:00,28.9,0,4.8,61,1.0,3.51
350,2023-08-15 14:00,28.7,0,3.7,62,1.0,3.31
351,2023-08-15 15:00,28.4,0,3.5,63,1.0,2.95
352,2023-08-15 16:00,28.5,0,2.8,61,1.0,2.36
353,2023-08-15 17:00,27.6,0,3.3,62,1.0,1.7
354,2023-08-15 18:00,27.2,0,2.7,63,1.0,0.96
355,2023-08-15 19:00,25.7,0,2.6,67,0.6,0.26
356,2023-08-15 20:00,24.6,0,0.8,72,0.0,0.01
357,2023-08-15 21:00,24.3,0,2.1,74,0,0
358,2023-08-15 22:00,23.9,0,1.3,77,0,0
359,2023-08-15 23:00,23.1,0,1.1,81,0,0
360,2023-08-16 00:00,23.0,0,0.9,83,0,0
361,2023-08-16 01:00,22.4,0,0.8,86,0,0
362,2023-08-16 02:00,22.9,0,1.0,84,0,0
363,2023-08-16 03:00,22.6,0,1.0,85,0,0
364,2023-08-16 04:00,22.8,0,2.0,85,0,0
365,2023-08-16 05:00,22.4,0,1.8,87,0,0
366,2023-08-16 06:00,22.7,0,0.6,86,0.0,0.0
367,2023-08-16 07:00,23.7,0,0.6,83,0.4,0.29
368,2023-08-16 08:00,25.7,0,1.1,75,1.0,0.95
369,2023-08-16 09:00,26.8,0,0.9,69,0.7,1.41
370,2023-08-16 10:00,27.9,0,0.9,68,0.5,1.65
371,2023-08-16 11:00,27.7,0,2.4,70,0.5,2.09
372,2023-08-16 12:00,27.9,0,2.3,70,0.4,2.03
373,2023-08-16 13:00,27.4,0,2.0,70,0.3,1.84
374,2023-08-16 14:00,27.6,0,2.2,71,0.1,1.45
375,2023-08-16 15:00,27.2,0,1.2,72,0.0,0.91
376,2023-08-16 16:00,26.4,0,2.4,76,0.0,0.81
377,2023-08-16 17:00,25.3,0,2.3,78,0.0,0.34
378,2023-08-16 18:00,24.8,0,2.2,82,0.0,0.18
379,2023-08-16 19:00,24.5,0,2.0,85,0.0,0.02
380,2023-08-16 20:00,24.2,0,1.6,85,0.0,0.0
381,2023-08-16 21:00,24.0,0,1.8,86,0,0
382,2023-08-16 22:00,23.8,0,1.6,86,0,0
383,2023-08-16 23:00,23.7,0,1.6,88,0,0
384,2023-08-17 00:00,23.7,0,0.8,86,0,0
385,2023-08-17 01:00,23.7,0,1.0,86,0,0
386,2023-08-17 02:00,23.7,0,0.2,86,0,0
387,2023-08-17 03:00,23.7,0,0.2,87,0,0
388,2023-08-17 04:00,23.7,0,1.5,85,0,0
389,2023-08-17 05:00,23.1,0,1.0,90,0,0
390,2023-08-17 06:00,22.8,0,0.7,90,0.0,0.01
391,2023-08-17 07:00,24.0,0,2.0,85,0.6,0.39
392,2023-08-17 08:00,25.3,0,3.1,78,0.6,0.88
393,2023-08-17 09:00,24.6,0,3.0,81,0.3,0.71
394,2023-08-17 10:00,24.2,0,1.9,84,0.0,0.29
395,2023-08-17 11:00,24.6,0,1.9,81,0.0,0.54
396,2023-08-17 12:00,25.3,0,1.9,79,0.0,0.64
397,2023-08-17 13:00,25.6,0,1.3,78,0.0,0.73
398,2023-08-17 14:00,26.5,0,1.3,74,0.0,0.93
399,2023-08-17 15:00,26.1,0,1.2,78,0.0,0.77
400,2023-08-17 16:00,25.6,0,1.5,80,0.0,0.73
401,2023-08-17 17:00,26.6,0,1.7,76,0.2,1.01
402,2023-08-17 18:00,26.1,0,1.3,79,0.0,0.51
403,2023-08-17 19:00,25.0,0,1.4,84,0.0,0.15
404,2023-08-17 20:00,24.3,0,1.9,86,0.0,0.01
405,2023-08-17 21:00,24.0,0.0,0.0,85,0,0
406,2023-08-17 22:00,24.3,0,2.0,84,0,0
407,2023-08-17 23:00,24.2,0,1.7,84,0,0
408,2023-08-18 00:00,23.9,0.0,1.4,86,0,0
409,2023-08-18 01:00,23.6,0.0,2.1,88,0,0
410,2023-08-18 02:00,23.5,0,0.6,89,0,0
411,2023-08-18 03:00,23.6,0,1.5,89,0,0
412,2023-08-18 04:00,23.7,0.0,1.8,90,0,0
413,2023-08-18 05:00,23.2,1.7,1.8,94,0,0
414,2023-08-18 06:00,23.3,2.6,1.9,94,0.0,0.0
415,2023-08-18 07:00,23.3,0.7,0.6,94,0.0,0.01
416,2023-08-18 08:00,23.2,10.0,2.1,95,0.0,0.07
417,2023-08-18 09:00,23.5,5.5,2.1,95,0.0,0.25
418,2023-08-18 10:00,24.0,1.4,1.8,94,0.0,0.36
419,2023-08-18 11:00,24.6,0.9,2.0,94,0.0,0.55
420,2023-08-18 12:00,25.0,0.7,2.0,94,0.0,0.89
421,2023-08-18 13:00,25.4,0.3,2.1,91,0.0,1.14
422,2023-08-18 14:00,25.2,0,1.4,92,0.0,0.42
423,2023-08-18 15:00,25.7,0,1.5,90,0.0,0.54
424,2023-08-18 16:00,25.7,0,1.0,90,0.0,0.33
425,2023-08-18 17:00,26.2,0,1.3,86,0.0,0.57
426,2023-08-18 18:00,26.8,0,1.2,84,0.7,0.73
427,2023-08-18 19:00,25.8,0,1.5,88,0.0,0.11
428,2023-08-18 20:00,25.3,0,1.6,90,0.0,0.0
429,2023-08-18 21:00,24.9,0,1.8,92,0,0
430,2023-08-18 22:00,24.8,0,1.5,93,0,0
431,2023-08-18 23:00,24.9,0.5,0.9,93,0,0
432,2023-08-19 00:00,24.9,17.1,2.3,96,0,0
433,2023-08-19 01:00,24.8,1.5,0.8,95,0,0
434,2023-08-19 02:00,24.4,0,1.6,96,0,0
435,2023-08-19 03:00,24.2,0,1.5,95,0,0
436,2023-08-19 04:00,24.2,17.0,0.6,97,0,0
437,2023-08-19 05:00,24.0,9.0,1.2,97,0,0
438,2023-08-19 06:00,24.2,0.3,0.6,96,0.0,0.0
439,2023-08-19 07:00,24.5,0,0.2,96,0.0,0.07
440,2023-08-19 08:00,25.1,0,0.1,95,0.0,0.27
441,2023-08-19 09:00,25.8,0,0.2,93,0.0,0.41
442,2023-08-19 10:00,27.8,0,0.7,83,0.4,1.55
443,2023-08-19 11:00,27.7,0.0,0.9,82,0.1,0.88
444,2023-08-19 12:00,27.6,0.0,1.2,84,0.0,0.44
445,2023-08-19 13:00,27.6,0.0,1.3,84,0.1,1.17
446,2023-08-19 14:00,26.6,1.1,1.7,91,0.0,0.24
447,2023-08-19 15:00,27.6,0.0,1.3,86,0.1,0.98
448,2023-08-19 16:00,26.5,0.0,2.0,85,0.0,0.47
449,2023-08-19 17:00,26.6,0.0,0.4,89,0.0,0.44
450,2023-08-19 18:00,26.1,0.0,1.3,91,0.0,0.13
451,2023-08-19 19:00,26.4,0,0.4,92,0.0,0.16
452,2023-08-19 20:00,26.0,0,0.2,93,0.0,0.01
453,2023-08-19 21:00,26.0,0,0.2,93,0,0
454,2023-08-19 22:00,26.2,0,0.4,92,0,0
455,2023-08-19 23:00,26.3,0,0.5,94,0,0
456,2023-08-20 00:00,26.3,0,1.6,91,0,0
457,2023-08-20 01:00,26.1,0,1.2,92,0,0
458,2023-08-20 02:00,25.9,0.0,0.1,93,0,0
459,2023-08-20 03:00,25.6,1.3,2.3,96,0,0
460,2023-08-20 04:00,25.2,0.3,0.3,94,0,0
461,2023-08-20 05:00,25.5,0.2,1.6,95,0,0
462,2023-08-20 06:00,25.5,0,0.4,95,0.0,0.0
463,2023-08-20 07:00,25.5,0,0.4,95,0.0,0.08
464,2023-08-20 08:00,26.1,0,1.3,95,0.0,0.35
465,2023-08-20 09:00,28.1,0,1.6,86,0.6,1.41
466,2023-08-20 10:00,29.9,0,1.5,78,1.0,2.13
467,2023-08-20 11:00,29.9,0,2.5,76,1.0,2.85
468,2023-08-20 12:00,30.3,0,1.4,72,0.6,2.43
469,2023-08-20 13:00,30.8,0,2.6,72,1.0,3.1
470,2023-08-20 14:00,29.6,0,3.1,75,0.5,2.11
471,2023-08-20 15:00,28.6,0,2.3,78,0.1,1.14
472,2023-08-20 16:00,28.1,0,1.7,80,0.0,0.62
473,2023-08-20 17:00,28.5,0,1.4,81,0.2,0.7
474,2023-08-20 18:00,28.2,0,1.2,79,0.5,0.59
475,2023-08-20 19:00,27.0,0,1.6,82,0.2,0.15
476,2023-08-20 20:00,26.0,0,1.0,88,0.0,0.0
477,2023-08-20 21:00,25.6,0,1.6,89,0,0
478,2023-08-20 22:00,25.7,0,0.2,89,0,0
479,2023-08-20 23:00,25.8,0,0.1,88,0,0
480,2023-08-21 00:00,25.8,0,0.0,89,0,0
481,2023-08-21 01:00,25.7,0,0.4,89,0,0
482,2023-08-21 02:00,25.6,0,0.3,89,0,0
483,2023-08-21 03:00,25.3,0,0.0,90,0,0
484,2023-08-21 04:00,24.8,0,1.7,93,0,0
485,2023-08-21 05:00,24.3,0,0.3,93,0,0
486,2023-08-21 06:00,24.3,0,0.0,94,0.0,0.0
487,2023-08-21 07:00,26.3,0,0.4,90,0.7,0.34
488,2023-08-21 08:00,28.1,0,0.9,79,1.0,1.05
489,2023-08-21 09:00,29.2,0,1.0,70,1.0,1.72
490,2023-08-21 10:00,29.5,0,2.1,74,0.9,2.2
491,2023-08-21 11:00,30.7,0,1.7,69,1.0,2.81
492,2023-08-21 12:00,31.1,0,2.0,65,1.0,3.15
493,2023-08-21 13:00,31.2,0,2.7,63,1.0,3.28
494,2023-08-21 14:00,30.6,0,2.2,64,0.7,2.47
495,2023-08-21 15:00,30.5,0,2.8,69,0.9,2.44
496,2023-08-21 16:00,30.6,0,2.9,73,1.0,2.19
497,2023-08-21 17:00,30.8,0,1.7,69,1.0,1.47
498,2023-08-21 18:00,30.0,0,1.2,73,1.0,0.81
499,2023-08-21 19:00,28.7,0,0.4,77,0.5,0.19
500,2023-08-21 20:00,27.2,0,1.6,85,0.0,0.0
501,2023-08-21 21:00,26.7,0,0.4,88,0,0
502,2023-08-21 22:00,26.5,0,0.6,87,0,0
503,2023-08-21 23:00,26.1,0,0.9,88,0,0
504,2023-08-22 00:00,25.6,0,0.2,89,0,0
505,2023-08-22 01:00,25.5,0,0.0,92,0,0
506,2023-08-22 02:00,25.7,0,2.1,89,0,0
507,2023-08-22 03:00,25.5,0,2.0,90,0,0
508,2023-08-22 04:00,24.9,0,0.1,89,0,0
509,2023-08-22 05:00,24.5,0,0.1,88,0,0
510,2023-08-22 06:00,24.3,0,0.1,89,0.0,0.0
511,2023-08-22 07:00,25.5,0,0.3,87,0.6,0.23
512,2023-08-22 08:00,28.2,0,0.8,78,1.0,0.89
513,2023-08-22 09:00,28.3,0,1.5,75,0.3,1.0
514,2023-08-22 10:00,30.5,0,2.2,70,0.9,2.07
515,2023-08-22 11:00,31.1,0,3.2,66,0.5,2.03
516,2023-08-22 12:00,31.2,0,3.2,69,0.4,2.04
517,2023-08-22 13:00,30.8,0,4.1,64,0.4,1.91
518,2023-08-22 14:00,32.2,0,2.7,58,0.9,2.98
519,2023-08-22 15:00,31.5,0,4.0,61,0.4,1.82
520,2023-08-22 16:00,31.9,0,3.7,56,0.7,1.85
521,2023-08-22 17:00,30.9,0,2.8,61,1.0,1.64
522,2023-08-22 18:00,30.1,0,3.7,63,0.9,0.83
523,2023-08-22 19:00,28.7,0,3.0,66,0.5,0.21
524,2023-08-22 20:00,28.1,0,3.1,69,0.0,0.0
525,2023-08-22 21:00,27.5,0,3.0,73,0,0
526,2023-08-22 22:00,26.9,0,1.8,76,0,0
527,2023-08-22 23:00,26.4,0,2.5,79,0,0
528,2023-08-23 00:00,26.2,0,1.7,80,0,0
529,2023-08-23 01:00,25.4,0,1.0,83,0,0
530,2023-08-23 02:00,25.4,0,1.4,83,0,0
531,2023-08-23 03:00,24.8,0,1.5,88,0,0
532,2023-08-23 04:00,24.0,0,0.2,90,0,0
533,2023-08-23 05:00,23.8,0,0.2,92,0,0
534,2023-08-23 06:00,24.0,0,0.2,92,0.0,0.0
535,2023-08-23 07:00,25.4,0,0.3,88,0.6,0.24
536,2023-08-23 08:00,27.7,0,1.5,80,1.0,0.94
537,2023-08-23 09:00,29.1,0,4.0,69,1.0,1.7
538,2023-08-23 10:00,29.6,0,3.6,64,0.9,2.1
539,2023-08-23 11:00,30.6,0,2.7,63,0.9,2.53
540,2023-08-23 12:00,30.3,0,2.1,71,0.3,1.62
541,2023-08-23 13:00,30.8,0,2.9,71,0.6,2.31
542,2023-08-23 14:00,31.7,0,2.5,67,0.3,1.86
543,2023-08-23 15:00,30.8,0,2.3,66,0.8,2.49
544,2023-08-23 16:00,31.0,0,1.9,67,1.0,2.18
545,2023-08-23 17:00,30.8,0,2.6,65,1.0,1.43
546,2023-08-23 18:00,29.4,0,4.7,65,0.9,0.56
547,2023-08-23 19:00,28.5,0,2.8,71,0.0,0.09
548,2023-08-23 20:00,27.6,0,1.0,81,0.0,0.0
549,2023-08-23 21:00,27.0,0.1,1.7,85,0,0
550,2023-08-23 22:00,26.7,0,0.5,85,0,0
551,2023-08-23 23:00,26.7,0,1.3,88,0,0
552,2023-08-24 00:00,27.0,0.0,1.5,89,0,0
553,2023-08-24 01:00,25.5,2.9,2.9,88,0,0
554,2023-08-24 02:00,24.2,8.6,1.0,94,0,0
555,2023-08-24 03:00,23.8,2.2,1.4,94,0,0
556,2023-08-24 04:00,23.5,10.6,1.5,95,0,0
557,2023-08-24 05:00,23.2,25.6,1.9,95,0,0
558,2023-08-24 06:00,23.4,1.3,1.6,95,0.0,0.0
559,2023-08-24 07:00,23.4,5.7,1.2,96,0.0,0.05
560,2023-08-24 08:00,23.9,10.9,0.9,96,0.0,0.07
561,2023-08-24 09:00,24.5,3.8,0.8,96,0.0,0.16
562,2023-08-24 10:00,26.5,0.2,1.7,92,0.0,0.86
563,2023-08-24 11:00,27.6,0,2.2,81,0.0,1.53
564,2023-08-24 12:00,27.1,0.0,2.6,82,0.0,1.1
565,2023-08-24 13:00,26.2,2.7,1.9,88,0.0,0.53
566,2023-08-24 14:00,26.8,0,2.0,87,0.0,0.56
567,2023-08-24 15:00,27.3,0,2.5,85,0.0,0.45
568,2023-08-24 16:00,27.3,0,1.9,82,0.0,0.52
569,2023-08-24 17:00,24.9,5.2,2.8,90,0.0,0.05
570,2023-08-24 18:00,24.8,4.6,0.8,94,0.0,0.12
571,2023-08-24 19:00,24.8,3.9,2.4,95,0.0,0.03
572,2023-08-24 20:00,25.0,15.6,3.2,93,0.0,0.0
573,2023-08-24 21:00,24.6,0.6,2.1,93,0,0
574,2023-08-24 22:00,24.6,0.4,3.9,92,0,0
575,2023-08-24 23:00,24.3,0.4,2.2,91,0,0
576,2023-08-25 00:00,24.3,0.1,2.4,90,0,0
577,2023-08-25 01:00,21.8,3.9,1.4,91,0,0
578,2023-08-25 02:00,22.3,1.3,0.8,95,0,0
579,2023-08-25 03:00,22.5,0,0.8,94,0,0
580,2023-08-25 04:00,23.1,0,1.4,95,0,0
581,2023-08-25 05:00,23.1,0,0.8,94,0,0
582,2023-08-25 06:00,23.2,0,1.8,95,0.0,0.0
583,2023-08-25 07:00,23.3,0,1.1,95,0.0,0.12
584,2023-08-25 08:00,24.3,0,0.2,93,0.0,0.49
585,2023-08-25 09:00,26.1,0,1.1,84,0.4,1.13
586,2023-08-25 10:00,27.3,0,2.3,72,0.7,2.11
587,2023-08-25 11:00,28.4,0,2.0,71,0.6,2.26
588,2023-08-25 12:00,29.0,0,2.3,62,0.6,2.13
589,2023-08-25 13:00,30.1,0,2.2,52,1.0,3.42
590,2023-08-25 14:00,30.3,0,2.5,50,1.0,2.9
591,2023-08-25 15:00,30.9,0,2.5,50,0.9,2.76
592,2023-08-25 16:00,30.6,0,2.0,60,1.0,2.35
593,2023-08-25 17:00,28.8,0,1.9,66,0.5,0.94
594,2023-08-25 18:00,27.8,0,1.3,72,0.4,0.47
595,2023-08-25 19:00,26.7,0,0.7,75,0.5,0.19
596,2023-08-25 20:00,25.9,0,0.3,79,0.0,0
597,2023-08-25 21:00,25.5,0,1.7,81,0,0
598,2023-08-25 22:00,25.1,0,1.1,83,0,0
599,2023-08-25 23:00,24.7,0,1.0,84,0,0
600,2023-08-26 00:00,24.3,0,1.7,85,0,0
601,2023-08-26 01:00,23.7,0,1.5,89,0,0
602,2023-08-26 02:00,24.1,0,1.7,84,0,0
603,2023-08-26 03:00,23.5,0,2.2,83,0,0
604,2023-08-26 04:00,23.5,0,2.2,81,0,0
605,2023-08-26 05:00,23.2,0,1.8,81,0,0
606,2023-08-26 06:00,23.1,0,2.5,82,0.0,0.0
607,2023-08-26 07:00,23.8,0,2.7,79,0.5,0.22
608,2023-08-26 08:00,25.4,0,3.4,73,1.0,0.9
609,2023-08-26 09:00,27.0,0,2.3,66,1.0,1.66
610,2023-08-26 10:00,28.4,0,2.4,62,1.0,2.33
611,2023-08-26 11:00,29.3,0,1.9,54,1.0,2.68
612,2023-08-26 12:00,30.1,0,2.1,54,1.0,3.18
613,2023-08-26 13:00,29.6,0,3.3,54,1.0,3.23
614,2023-08-26 14:00,30.0,0,2.5,58,1.0,3.16
615,2023-08-26 15:00,29.1,0,3.2,60,1.0,2.79
616,2023-08-26 16:00,28.3,0,2.8,68,1.0,2.19
617,2023-08-26 17:00,27.9,0,2.8,71,1.0,1.53
618,2023-08-26 18:00,27.0,0,1.6,74,1.0,0.75
619,2023-08-26 19:00,25.4,0,1.7,80,0.2,0.1
620,2023-08-26 20:00,24.6,0,1.8,83,0,0
621,2023-08-26 21:00,24.0,0,1.3,86,0,0
622,2023-08-26 22:00,23.6,0,1.4,88,0,0
623,2023-08-26 23:00,23.5,0,1.8,87,0,0
624,2023-08-27 00:00,22.9,0,0.4,89,0,0
625,2023-08-27 01:00,22.6,0,1.6,92,0,0
626,2023-08-27 02:00,23.4,0,1.9,84,0,0
627,2023-08-27 03:00,22.9,0,2.3,86,0,0
628,2023-08-27 04:00,22.6,0,2.5,88,0,0
629,2023-08-27 05:00,21.8,0,0.3,91,0,0
630,2023-08-27 06:00,21.8,0,1.6,93,0.0,0.0
631,2023-08-27 07:00,23.1,0,1.2,89,0.5,0.25
632,2023-08-27 08:00,24.5,0,2.3,84,0.2,0.62
633,2023-08-27 09:00,26.5,0,2.6,75,0.9,1.56
634,2023-08-27 10:00,28.1,0,2.0,69,1.0,2.19
635,2023-08-27 11:00,28.7,0,2.1,70,0.7,2.03
636,2023-08-27 12:00,29.0,0,5.0,67,0.8,3.05
637,2023-08-27 13:00,28.8,0,4.1,68,0.7,2.67
638,2023-08-27 14:00,28.5,0,3.8,69,0.9,2.9
639,2023-08-27 15:00,27.7,0,4.7,71,0.9,2.59
640,2023-08-27 16:00,27.2,0,2.9,72,0.8,1.87
641,2023-08-27 17:00,26.8,0,2.9,75,0.2,0.88
642,2023-08-27 18:00,26.3,0,3.1,76,0.8,0.8
643,2023-08-27 19:00,25.3,0,2.6,79,0.0,0.08
644,2023-08-27 20:00,25.1,0,2.2,79,0,0
645,2023-08-27 21:00,24.8,0,1.7,81,0,0
646,2023-08-27 22:00,24.6,0,1.7,82,0,0
647,2023-08-27 23:00,24.8,0,1.9,81,0,0
648,2023-08-28 00:00,24.6,0,2.0,82,0,0
649,2023-08-28 01:00,24.2,0,2.7,83,0,0
650,2023-08-28 02:00,23.8,0,2.2,85,0,0
651,2023-08-28 03:00,23.7,0,2.3,85,0,0
652,2023-08-28 04:00,23.4,0,2.9,85,0,0
653,2023-08-28 05:00,23.5,0,2.0,84,0,0
654,2023-08-28 06:00,23.7,0,1.9,83,0.0,0.0
655,2023-08-28 07:00,23.5,0.0,1.7,86,0.0,0.06
656,2023-08-28 08:00,23.3,0.0,2.9,88,0.0,0.15
657,2023-08-28 09:00,23.3,0.4,2.2,91,0.0,0.41
658,2023-08-28 10:00,26.2,0,3.2,78,0.6,1.94
659,2023-08-28 11:00,27.0,0,3.0,72,0.4,2.04
660,2023-08-28 12:00,26.6,0,2.0,77,0.0,1.1
661,2023-08-28 13:00,26.3,0,2.3,79,0.0,0.83
662,2023-08-28 14:00,25.9,0,1.6,81,0.0,0.3
663,2023-08-28 15:00,27.1,0,2.9,78,0.1,1.2
664,2023-08-28 16:00,26.8,0,1.6,81,0.0,0.5
665,2023-08-28 17:00,26.4,0.0,1.7,83,0.0,0.48
666,2023-08-28 18:00,26.2,0,1.9,83,0.0,0.33
667,2023-08-28 19:00,25.8,0,0.6,84,0.0,0.05
668,2023-08-28 20:00,25.4,0,1.3,86,0,0
669,2023-08-28 21:00,25.1,0,0.9,89,0,0
670,2023-08-28 22:00,24.9,0,1.3,90,0,0
671,2023-08-28 23:00,25.0,0.3,0.7,93,0,0
672,2023-08-29 00:00,25.0,0.0,0.2,93,0,0
673,2023-08-29 01:00,25.0,0,0.4,93,0,0
674,2023-08-29 02:00,25.0,0,1.3,94,0,0
675,2023-08-29 03:00,24.8,0,0.1,95,0,0
676,2023-08-29 04:00,24.8,0,0.5,95,0,0
677,2023-08-29 05:00,25.0,0,0.8,95,0,0
678,2023-08-29 06:00,24.8,0,0.6,94,0.0,0.0
679,2023-08-29 07:00,25.1,0,0.7,94,0.0,0.14
680,2023-08-29 08:00,26.7,0,3.3,79,0.0,0.28
681,2023-08-29 09:00,28.3,0,4.2,70,0.2,0.82
682,2023-08-29 10:00,27.6,0,6.3,72,0.3,1.21
683,2023-08-29 11:00,29.0,0,4.5,70,0.4,1.98
684,2023-08-29 12:00,28.3,0,4.8,71,0.1,1.15
685,2023-08-29 13:00,27.9,0.0,5.2,74,0.0,0.82
686,2023-08-29 14:00,27.0,0.0,5.4,80,0.0,0.34
687,2023-08-29 15:00,27.5,0.0,4.3,80,0.0,0.66
688,2023-08-29 16:00,27.6,0.0,3.6,77,0.0,0.49
689,2023-08-29 17:00,27.5,0,4.2,79,0.0,0.5
690,2023-08-29 18:00,25.6,0.2,4.3,88,0.0,0.12
691,2023-08-29 19:00,25.4,0.0,1.7,91,0.0,0.03
692,2023-08-29 20:00,25.6,0.0,2.4,88,0,0
693,2023-08-29 21:00,25.7,0,2.0,88,0,0
694,2023-08-29 22:00,25.6,0,2.0,88,0,0
695,2023-08-29 23:00,25.5,0.0,2.5,89,0,0
696,2023-08-30 00:00,25.4,0,1.4,90,0,0
697,2023-08-30 01:00,25.8,0.0,2.2,89,0,0
698,2023-08-30 02:00,25.8,0,2.3,89,0,0
699,2023-08-30 03:00,25.6,0,2.1,89,0,0
700,2023-08-30 04:00,25.5,0,1.7,88,0,0
701,2023-08-30 05:00,24.9,0.0,3.7,85,0,0
702,2023-08-30 06:00,25.2,0.0,2.4,86,0.0,0.0
703,2023-08-30 07:00,25.8,0,2.0,88,0.0,0.21
704,2023-08-30 08:00,25.6,0,1.7,87,0.0,0.19
705,2023-08-30 09:00,25.8,0.0,1.3,88,0.0,0.14
706,2023-08-30 10:00,27.1,0.0,3.5,82,0.0,0.6
707,2023-08-30 11:00,27.0,0,3.1,84,0.0,0.47
708,2023-08-30 12:00,27.5,0,1.8,82,0.0,0.52
709,2023-08-30 13:00,28.2,0,4.3,72,0.2,1.64
710,2023-08-30 14:00,27.7,0,3.7,71,0.0,0.73
711,2023-08-30 15:00,27.8,0,3.4,73,0.0,0.53
712,2023-08-30 16:00,27.6,0,1.7,80,0.0,0.67
713,2023-08-30 17:00,27.6,0,2.9,76,0.0,0.39
714,2023-08-30 18:00,27.3,0,3.0,77,0.0,0.27
715,2023-08-30 19:00,26.9,0,2.4,81,0.0,0.06
716,2023-08-30 20:00,26.9,0,3.0,81,0,0
717,2023-08-30 21:00,26.6,0,3.8,84,0,0
718,2023-08-30 22:00,26.6,0,3.1,83,0,0
719,2023-08-30 23:00,26.6,0,1.6,77,0,0
720,2023-08-31 00:00,26.4,0,1.6,79,0,0
721,2023-08-31 01:00,25.9,0,0.7,84,0,0
722,2023-08-31 02:00,25.9,0,1.7,83,0,0
723,2023-08-31 03:00,25.9,0,1.2,83,0,0
724,2023-08-31 04:00,25.5,0.0,1.8,87,0,0
725,2023-08-31 05:00,24.6,0,0.1,89,0,0
726,2023-08-31 06:00,24.0,0,1.6,92,0.0,0.0
727,2023-08-31 07:00,23.5,0,2.2,88,0.1,0.15
728,2023-08-31 08:00,24.5,0,2.5,81,0.9,0.87
729,2023-08-31 09:00,25.8,0,2.7,77,0.9,1.41
730,2023-08-31 10:00,26.6,0,3.2,73,0.9,2.1
731,2023-08-31 11:00,28.3,0,2.0,69,0.9,2.6
732,2023-08-31 12:00,29.4,0,1.4,68,0.5,2.19
733,2023-08-31 13:00,29.8,0,2.2,68,0.7,2.76
734,2023-08-31 14:00,25.7,0.0,2.3,81,0.1,0.66
735,2023-08-31 15:00,25.1,6.3,1.5,89,0.0,0.9
736,2023-08-31 16:00,25.8,0,1.3,83,0.1,1.46
737,2023-08-31 17:00,25.4,0,2.2,84,0.0,0.58
738,2023-08-31 18:00,25.2,0,1.3,85,0.0,0.31
739,2023-08-31 19:00,24.8,0,1.1,87,0.0,0.1
740,2023-08-31 20:00,24.2,0.2,1.8,89,0,0
741,2023-08-31 21:00,23.4,9.2,0.4,94,0,0
742,2023-08-31 22:00,23.2,10.4,2.2,95,0,0
743,2023-08-31 23:00,22.8,9.7,1.1,96,0,0
744,2023-09-01 00:00,23.0,0.9,1.1,95,0,0
745,2023-09-01 01:00,23.1,0.0,0.5,96,0,0
746,2023-09-01 02:00,23.1,0.0,0.7,96,0,0
747,2023-09-01 03:00,23.0,0.7,1.7,96,0,0
748,2023-09-01 04:00,22.9,0.8,0.9,96,0,0
749,2023-09-01 05:00,23.1,1.7,1.7,97,0,0
750,2023-09-01 06:00,22.7,0.7,4.0,91,0.0,0.0
751,2023-09-01 07:00,22.6,0.0,2.7,93,0.0,0.02
752,2023-09-01 08:00,22.9,0,1.4,94,0.0,0.2
753,2023-09-01 09:00,23.4,0,1.2,94,0.0,0.3
754,2023-09-01 10:00,24.1,0,2.2,93,0.0,0.71
755,2023-09-01 11:00,24.2,0,2.3,87,0.0,0.74
756,2023-09-01 12:00,24.7,0,1.7,86,0.0,0.64
757,2023-09-01 13:00,24.8,0,1.0,85,0.0,0.51
758,2023-09-01 14:00,25.1,0.0,2.1,85,0.0,0.6
759,2023-09-01 15:00,25.2,0,2.4,82,0.0,0.75
760,2023-09-01 16:00,23.5,5.3,0.6,91,0.0,0.24
761,2023-09-01 17:00,23.3,4.7,0.6,93,0.0,0.19
762,2023-09-01 18:00,23.0,0.1,1.0,94,0.0,0.17
763,2023-09-01 19:00,22.9,0.1,0.4,94,0.0,0.04
764,2023-09-01 20:00,22.8,0.0,0.5,95,0,0
765,2023-09-01 21:00,22.8,1.7,1.2,96,0,0
766,2023-09-01 22:00,22.8,0,0.8,95,0,0
767,2023-09-01 23:00,22.7,0.6,1.2,95,0,0
768,2023-09-01 00:00,23.0,0.9,1.1,95,0,0
769,2023-09-01 01:00,23.1,0.0,0.5,96,0,0
770,2023-09-01 02:00,23.1,0.0,0.7,96,0,0
771,2023-09-01 03:00,23.0,0.7,1.7,96,0,0
772,2023-09-01 04:00,22.9,0.8,0.9,96,0,0
773,2023-09-01 05:00,23.1,1.7,1.7,97,0,0
774,2023-09-01 06:00,22.7,0.7,4.0,91,0.0,0.0
775,2023-09-01 07:00,22.6,0.0,2.7,93,0.0,0.02
776,2023-09-01 08:00,22.9,0,1.4,94,0.0,0.2
777,2023-09-01 09:00,23.4,0,1.2,94,0.0,0.3
778,2023-09-01 10:00,24.1,0,2.2,93,0.0,0.71
779,2023-09-01 11:00,24.2,0,2.3,87,0.0,0.74
780,2023-09-01 12:00,24.7,0,1.7,86,0.0,0.64
781,2023-09-01 13:00,24.8,0,1.0,85,0.0,0.51
782,2023-09-01 14:00,25.1,0.0,2.1,85,0.0,0.6
783,2023-09-01 15:00,25.2,0,2.4,82,0.0,0.75
784,2023-09-01 16:00,23.5,5.3,0.6,91,0.0,0.24
785,2023-09-01 17:00,23.3,4.7,0.6,93,0.0,0.19
786,2023-09-01 18:00,23.0,0.1,1.0,94,0.0,0.17
787,2023-09-01 19:00,22.9,0.1,0.4,94,0.0,0.04
788,2023-09-01 20:00,22.8,0.0,0.5,95,0,0
789,2023-09-01 21:00,22.8,1.7,1.2,96,0,0
790,2023-09-01 22:00,22.8,0,0.8,95,0,0
791,2023-09-01 23:00,22.7,0.6,1.2,95,0,0
792,2023-09-02 00:00,22.4,0.6,1.4,95,0,0
793,2023-09-02 01:00,22.2,0.8,1.4,95,0,0
794,2023-09-02 02:00,22.1,3.5,1.0,97,0,0
795,2023-09-02 03:00,22.2,0.1,1.1,96,0,0
796,2023-09-02 04:00,22.3,0.1,1.1,96,0,0
797,2023-09-02 05:00,22.2,0.6,2.4,96,0,0
798,2023-09-02 06:00,22.3,0.3,1.5,96,0.0,0.0
799,2023-09-02 07:00,22.5,0,0.9,96,0.0,0.09
800,2023-09-02 08:00,23.5,0,0.6,93,0.1,0.61
801,2023-09-02 09:00,25.1,0,2.0,85,0.3,1.13
802,2023-09-02 10:00,25.2,0,1.8,83,0.2,1.39
803,2023-09-02 11:00,26.2,0,1.4,81,0.1,1.41
804,2023-09-02 12:00,26.4,0,2.1,77,0.0,1.52
805,2023-09-02 13:00,26.7,0,2.5,76,0.0,1.4
806,2023-09-02 14:00,27.0,0,4.1,74,0.4,1.91
807,2023-09-02 15:00,26.1,0,2.1,79,0.1,1.16
808,2023-09-02 16:00,25.5,0,2.7,76,0.2,1.2
809,2023-09-02 17:00,24.6,0.0,1.6,78,0.0,0.17
810,2023-09-02 18:00,23.8,0.5,0.2,87,0.0,0.09
811,2023-09-02 19:00,23.5,0.0,1.2,89,0.0,0.01
812,2023-09-02 20:00,23.1,0.0,2.7,91,0,0
813,2023-09-02 21:00,22.7,0.0,1.6,92,0,0
814,2023-09-02 22:00,22.3,0,2.1,90,0,0
815,2023-09-02 23:00,22.3,0,2.6,88,0,0
816,2023-09-03 00:00,22.0,0,0.5,92,0,0
817,2023-09-03 01:00,22.0,0,0.5,93,0,0
818,2023-09-03 02:00,22.1,0,0.5,92,0,0
819,2023-09-03 03:00,22.1,0,0.6,93,0,0
820,2023-09-03 04:00,22.1,0,0.6,94,0,0
821,2023-09-03 05:00,22.1,0,1.8,94,0,0
822,2023-09-03 06:00,22.0,0,1.2,94,0.0,0.0
823,2023-09-03 07:00,22.1,0,1.7,95,0.0,0.1
824,2023-09-03 08:00,24.7,0,1.1,87,0.8,0.8
825,2023-09-03 09:00,26.8,0,1.6,79,1.0,1.61
826,2023-09-03 10:00,28.4,0,1.4,72,1.0,2.31
827,2023-09-03 11:00,28.5,0,2.1,72,0.9,2.63
828,2023-09-03 12:00,28.8,0,2.3,71,0.6,2.36
829,2023-09-03 13:00,28.2,0,2.8,71,0.7,2.76
830,2023-09-03 14:00,27.9,0,3.3,71,0.4,1.67
831,2023-09-03 15:00,28.3,0,2.7,71,0.7,2.12
832,2023-09-03 16:00,26.8,0,2.6,78,0.5,1.41
833,2023-09-03 17:00,26.5,0,1.8,81,0.3,0.67
834,2023-09-03 18:00,25.6,0,1.7,83,0.0,0.3
835,2023-09-03 19:00,24.9,0,1.5,87,0.0,0.06
836,2023-09-03 20:00,24.5,0,0.9,88,0,0
837,2023-09-03 21:00,24.1,0,1.4,89,0,0
838,2023-09-03 22:00,23.9,0,1.6,89,0,0
839,2023-09-03 23:00,23.4,0,1.2,91,0,0
840,2023-09-04 00:00,23.3,0,1.9,91,0,0
841,2023-09-04 01:00,22.7,0,0.1,92,0,0
842,2023-09-04 02:00,22.9,0,2.3,92,0,0
843,2023-09-04 03:00,22.6,0,1.2,92,0,0
844,2023-09-04 04:00,22.6,0,1.9,92,0,0
845,2023-09-04 05:00,22.0,0,1.2,94,0,0
846,2023-09-04 06:00,21.8,0,0.7,95,0.0,0.0
847,2023-09-04 07:00,23.4,0,0.5,91,0.5,0.19
848,2023-09-04 08:00,25.7,0,1.7,83,1.0,0.85
849,2023-09-04 09:00,26.8,0,2.1,77,0.9,1.54
850,2023-09-04 10:00,28.1,0,2.8,72,0.7,2.04
851,2023-09-04 11:00,28.0,0,2.9,75,0.6,2.1
852,2023-09-04 12:00,28.1,0.0,1.6,71,0.0,1.02
853,2023-09-04 13:00,28.3,0,2.3,71,0.5,2.37
854,2023-09-04 14:00,27.8,0,2.2,73,0.3,1.73
855,2023-09-04 15:00,26.3,0.0,3.0,81,0.2,1.15
856,2023-09-04 16:00,27.0,1.4,2.6,74,0.4,1.31
857,2023-09-04 17:00,27.6,0,2.7,72,0.8,1.34
858,2023-09-04 18:00,26.7,0,3.8,73,0.9,0.69
859,2023-09-04 19:00,25.0,0,2.1,80,0.1,0.08
860,2023-09-04 20:00,25.0,0,3.5,81,0,0
861,2023-09-04 21:00,25.0,0,2.7,81,0,0
862,2023-09-04 22:00,23.9,0.7,2.1,89,0,0
863,2023-09-04 23:00,24.4,0,3.2,84,0,0
864,2023-09-05 00:00,24.2,0,2.8,84,0,0
865,2023-09-05 01:00,23.9,0,3.0,85,0,0
866,2023-09-05 02:00,24.0,0,3.1,81,0,0
867,2023-09-05 03:00,23.7,0,2.8,81,0,0
868,2023-09-05 04:00,23.6,0,3.3,81,0,0
869,2023-09-05 05:00,23.5,0,3.1,80,0,0
870,2023-09-05 06:00,23.3,0,2.9,80,0.0,0.0
871,2023-09-05 07:00,24.0,0,2.7,80,0.5,0.26
872,2023-09-05 08:00,24.7,0,3.5,80,0.7,0.61
873,2023-09-05 09:00,25.5,0,3.4,74,0.5,1.0
874,2023-09-05 10:00,27.2,0,3.9,65,0.8,2.1
875,2023-09-05 11:00,27.1,0,3.7,62,0.8,2.47
876,2023-09-05 12:00,27.9,0,4.6,58,0.9,3.07
877,2023-09-05 13:00,28.2,0,4.9,55,1.0,3.18
878,2023-09-05 14:00,28.1,0,4.6,57,1.0,2.97
879,2023-09-05 15:00,27.6,0,4.5,60,1.0,2.42
880,2023-09-05 16:00,26.2,0,3.7,62,0.6,1.43
881,2023-09-05 17:00,25.6,0,4.3,64,0.6,0.99
882,2023-09-05 18:00,25.6,0,3.3,66,1.0,0.83
883,2023-09-05 19:00,24.3,0,2.5,73,0.2,0.1
884,2023-09-05 20:00,23.9,0,3.2,75,0,0
885,2023-09-05 21:00,23.9,0,3.6,76,0,0
886,2023-09-05 22:00,24.0,0,3.3,75,0,0
887,2023-09-05 23:00,23.6,0,2.6,78,0,0
888,2023-09-06 00:00,23.5,0,2.0,79,0,0
889,2023-09-06 01:00,23.5,0,2.6,80,0,0
890,2023-09-06 02:00,23.4,0,2.9,81,0,0
891,2023-09-06 03:00,23.5,0,2.6,81,0,0
892,2023-09-06 04:00,23.3,0,3.7,82,0,0
893,2023-09-06 05:00,23.2,0,2.5,82,0,0
894,2023-09-06 06:00,23.1,0,2.4,81,0.0,0.0
895,2023-09-06 07:00,23.4,0,2.7,80,0.1,0.12
896,2023-09-06 08:00,24.7,0,2.9,75,0.7,0.71
897,2023-09-06 09:00,25.0,0,3.0,73,0.4,1.05
898,2023-09-06 10:00,25.0,0,3.2,74,0.1,0.9
899,2023-09-06 11:00,26.3,0,4.3,69,0.5,2.0
900,2023-09-06 12:00,26.1,0.0,4.4,71,0.1,1.36
901,2023-09-06 13:00,26.6,0.0,4.5,68,0.2,1.72
902,2023-09-06 14:00,26.8,0,3.8,67,0.4,1.75
903,2023-09-06 15:00,26.3,0,4.0,66,0.4,1.66
904,2023-09-06 16:00,27.3,0,3.8,65,0.7,1.6
905,2023-09-06 17:00,26.3,0,3.9,66,0.9,1.43
906,2023-09-06 18:00,25.6,0.0,3.3,70,0.9,0.74
907,2023-09-06 19:00,24.3,0,3.5,74,0.1,0.1
908,2023-09-06 20:00,24.1,0,3.4,76,0,0
909,2023-09-06 21:00,23.9,0.0,3.1,78,0,0
910,2023-09-06 22:00,23.6,0,2.5,77,0,0
911,2023-09-06 23:00,23.4,0,3.3,78,0,0
912,2023-09-07 00:00,23.0,0,2.8,79,0,0
913,2023-09-07 01:00,23.0,0,2.7,76,0,0
914,2023-09-07 02:00,21.9,0,2.2,82,0,0
915,2023-09-07 03:00,21.4,0,2.6,81,0,0
916,2023-09-07 04:00,21.3,0,2.9,78,0,0
917,2023-09-07 05:00,20.9,0,2.7,78,0,0
918,2023-09-07 06:00,21.0,0,3.2,77,0.0,0.0
919,2023-09-07 07:00,21.4,0,3.5,77,0.2,0.13
920,2023-09-07 08:00,22.6,0,3.1,73,0.8,0.73
921,2023-09-07 09:00,23.7,0,3.1,71,0.2,1.01
922,2023-09-07 10:00,25.7,0,3.6,60,1.0,2.43
923,2023-09-07 11:00,26.5,0,4.0,61,0.9,2.73
924,2023-09-07 12:00,26.4,0,4.3,62,0.8,2.83
925,2023-09-07 13:00,26.4,0,4.2,64,0.2,2.13
926,2023-09-07 14:00,26.8,0,3.3,62,0.9,3.06
927,2023-09-07 15:00,26.1,0,3.4,64,0.5,1.87
928,2023-09-07 16:00,25.7,0,4.0,64,0.6,1.73
929,2023-09-07 17:00,24.7,0,4.2,67,0.4,0.78
930,2023-09-07 18:00,24.3,0,3.2,70,0.7,0.56
931,2023-09-07 19:00,23.3,0,3.8,73,0.2,0.08
932,2023-09-07 20:00,22.9,0,3.2,74,0,0
933,2023-09-07 21:00,22.7,0,3.2,75,0,0
934,2023-09-07 22:00,22.6,0,2.5,75,0,0
935,2023-09-07 23:00,22.6,0,3.0,73,0,0
936,2023-09-08 00:00,22.5,0,2.8,74,0,0
937,2023-09-08 01:00,22.2,0,2.5,75,0,0
938,2023-09-08 02:00,22.0,0,3.2,76,0,0
939,2023-09-08 03:00,22.2,0,3.3,75,0,0
940,2023-09-08 04:00,21.7,0,2.9,77,0,0
941,2023-09-08 05:00,21.2,0.0,2.6,82,0,0
942,2023-09-08 06:00,21.1,0,3.0,80,0,0
943,2023-09-08 07:00,21.2,0,3.1,80,0.2,0.12
944,2023-09-08 08:00,22.4,0,3.3,78,0.2,0.42
945,2023-09-08 09:00,23.4,0,2.7,69,0.6,1.06
946,2023-09-08 10:00,25.1,0,3.3,57,0.6,1.71
947,2023-09-08 11:00,25.7,0,4.2,55,0.7,2.43
948,2023-09-08 12:00,26.1,0,3.4,55,0.9,3.02
949,2023-09-08 13:00,25.6,0,2.3,55,0.5,2.29
950,2023-09-08 14:00,25.8,0,3.0,53,0.7,2.56
951,2023-09-08 15:00,25.9,0,2.5,56,0.6,1.95
952,2023-09-08 16:00,25.5,0,3.0,58,0.6,1.56
953,2023-09-08 17:00,25.0,0,2.8,59,1.0,1.41
954,2023-09-08 18:00,23.8,0,2.0,61,1.0,0.64
955,2023-09-08 19:00,22.2,0,1.7,69,0.2,0.06
956,2023-09-08 20:00,21.6,0,1.9,72,0,0
957,2023-09-08 21:00,20.8,0,1.8,76,0,0
958,2023-09-08 22:00,20.6,0,1.6,77,0,0
959,2023-09-08 23:00,19.8,0,0.5,81,0,0
960,2023-09-09 00:00,19.2,0,0.5,84,0,0
961,2023-09-09 01:00,18.7,0,1.2,87,0,0
962,2023-09-09 02:00,18.2,0,0.7,88,0,0
963,2023-09-09 03:00,18.2,0,1.5,88,0,0
964,2023-09-09 04:00,17.9,0,1.2,89,0,0
965,2023-09-09 05:00,18.1,0,1.7,89,0,0
966,2023-09-09 06:00,17.7,0,1.3,90,0,0
967,2023-09-09 07:00,18.9,0,1.9,87,0.7,0.2
968,2023-09-09 08:00,21.1,0,2.3,79,1.0,0.86
969,2023-09-09 09:00,23.6,0,1.6,71,1.0,1.64
970,2023-09-09 10:00,25.5,0,1.5,58,1.0,2.33
971,2023-09-09 11:00,25.2,0,2.3,58,0.8,2.22
972,2023-09-09 12:00,26.2,0,3.6,57,1.0,3.43
973,2023-09-09 13:00,25.9,0,3.7,59,1.0,3.16
974,2023-09-09 14:00,26.2,0,3.4,59,1.0,3.07
975,2023-09-09 15:00,26.0,0,3.5,61,1.0,2.67
976,2023-09-09 16:00,25.4,0,3.2,61,1.0,2.08
977,2023-09-09 17:00,24.8,0,2.8,63,1.0,1.38
978,2023-09-09 18:00,23.9,0,2.3,65,1.0,0.65
979,2023-09-09 19:00,22.5,0,1.5,70,0.2,0.06
980,2023-09-09 20:00,21.8,0,1.5,74,0,0
981,2023-09-09 21:00,20.9,0,2.1,77,0,0
982,2023-09-09 22:00,20.2,0,1.1,80,0,0
983,2023-09-09 23:00,19.8,0,1.5,83,0,0
984,2023-09-10 00:00,19.5,0,1.6,84,0,0
985,2023-09-10 01:00,19.1,0,1.5,86,0,0
986,2023-09-10 02:00,18.8,0,1.2,88,0,0
987,2023-09-10 03:00,18.8,0,1.6,90,0,0
988,2023-09-10 04:00,18.5,0,1.4,90,0,0
989,2023-09-10 05:00,18.8,0,1.5,89,0,0
990,2023-09-10 06:00,18.6,0,0.2,89,0,0
991,2023-09-10 07:00,19.1,0,1.9,90,0.0,0.08
992,2023-09-10 08:00,20.8,0,1.6,84,0.1,0.5
993,2023-09-10 09:00,24.0,0,1.9,71,0.9,1.59
994,2023-09-10 10:00,25.2,0,2.0,63,1.0,2.26
995,2023-09-10 11:00,26.8,0,1.9,61,1.0,2.74
996,2023-09-10 12:00,27.3,0,3.3,61,0.9,2.92
997,2023-09-10 13:00,27.0,0,2.5,61,0.9,3.17
998,2023-09-10 14:00,26.0,0,3.0,67,0.7,2.23
999,2023-09-10 15:00,26.1,0,4.1,64,1.0,2.66
1000,2023-09-10 16:00,25.7,0,3.5,66,1.0,2.04
1001,2023-09-10 17:00,25.3,0,3.1,67,1.0,1.3
1002,2023-09-10 18:00,23.9,0,2.4,70,0.4,0.4
1003,2023-09-10 19:00,23.0,0,1.0,73,0.1,0.05
1004,2023-09-10 20:00,22.4,0,1.7,76,0,0
1005,2023-09-10 21:00,22.3,0,1.3,76,0,0
1006,2023-09-10 22:00,21.8,0,2.2,78,0,0
1007,2023-09-10 23:00,21.1,0,0.3,79,0,0
1008,2023-09-11 00:00,20.9,0,2.4,82,0,0
1009,2023-09-11 01:00,20.5,0,0.9,83,0,0
1010,2023-09-11 02:00,20.1,0,0.6,86,0,0
1011,2023-09-11 03:00,20.3,0,1.2,86,0,0
1012,2023-09-11 04:00,20.1,0,1.4,88,0,0
1013,2023-09-11 05:00,20.0,0,1.0,89,0,0
1014,2023-09-11 06:00,20.2,0,1.1,88,0,0
1015,2023-09-11 07:00,21.3,0,1.8,86,0.3,0.14
1016,2023-09-11 08:00,22.5,0,1.8,82,0.6,0.53
1017,2023-09-11 09:00,25.1,0,1.1,74,0.9,1.14
1018,2023-09-11 10:00,26.8,0,1.9,64,0.9,2.2
1019,2023-09-11 11:00,28.3,0,1.4,59,1.0,2.77
1020,2023-09-11 12:00,27.3,0,1.6,63,0.5,1.67
1021,2023-09-11 13:00,28.5,0,3.3,60,0.6,2.37
1022,2023-09-11 14:00,27.0,0,2.0,67,0.4,1.57
1023,2023-09-11 15:00,27.4,0,2.4,67,0.4,1.39
1024,2023-09-11 16:00,28.3,0,1.7,59,1.0,1.92
1025,2023-09-11 17:00,27.1,0,1.8,65,1.0,1.19
1026,2023-09-11 18:00,25.7,0,2.1,72,0.9,0.46
1027,2023-09-11 19:00,24.3,0,0.8,80,0.1,0.04
1028,2023-09-11 20:00,23.5,0,1.1,85,0,0
1029,2023-09-11 21:00,22.7,0,0.9,86,0,0
1030,2023-09-11 22:00,22.4,0,0.3,86,0,0
1031,2023-09-11 23:00,22.6,0,0.6,88,0,0
1032,2023-09-12 00:00,22.2,0,0.6,89,0,0
1033,2023-09-12 01:00,22.7,0,1.0,89,0,0
1034,2023-09-12 02:00,22.7,0,1.8,90,0,0
1035,2023-09-12 03:00,22.0,0,1.7,92,0,0
1036,2023-09-12 04:00,21.8,0,0.6,90,0,0
1037,2023-09-12 05:00,21.6,0,1.3,93,0,0
1038,2023-09-12 06:00,21.5,0,0.3,92,0,0
1039,2023-09-12 07:00,21.8,0,0.1,94,0.0,0.13
1040,2023-09-12 08:00,24.1,0,0.3,85,0.5,0.67
1041,2023-09-12 09:00,24.8,0,1.0,81,0.2,1.02
1042,2023-09-12 10:00,26.6,0,1.2,70,0.2,1.63
1043,2023-09-12 11:00,27.7,0,1.7,60,0.8,2.48
1044,2023-09-12 12:00,28.2,0,0.8,59,0.0,1.48
1045,2023-09-12 13:00,28.5,0,1.8,61,0.0,1.53
1046,2023-09-12 14:00,28.4,0,1.3,61,0.1,1.69
1047,2023-09-12 15:00,28.4,0,1.8,64,0.1,1.36
1048,2023-09-12 16:00,28.6,0,2.2,59,0.9,1.71
1049,2023-09-12 17:00,27.7,0,1.4,66,0.8,1.16
1050,2023-09-12 18:00,26.2,0,1.4,76,0.0,0.26
1051,2023-09-12 19:00,25.6,0,1.2,79,0.0,0.04
1052,2023-09-12 20:00,25.2,0,0.2,79,0,0
1053,2023-09-12 21:00,24.9,0,0.3,84,0,0
1054,2023-09-12 22:00,24.9,0,0.8,86,0,0
1055,2023-09-12 23:00,24.6,0,0.8,87,0,0
1056,2023-09-13 00:00,23.9,0,1.3,90,0,0
1057,2023-09-13 01:00,23.7,0,1.1,91,0,0
1058,2023-09-13 02:00,23.7,0,1.3,91,0,0
1059,2023-09-13 03:00,23.4,0,0.5,91,0,0
1060,2023-09-13 04:00,23.4,0,2.1,91,0,0
1061,2023-09-13 05:00,23.0,0,0.9,92,0,0
1062,2023-09-13 06:00,22.9,0,1.1,92,0,0
1063,2023-09-13 07:00,23.1,0,0.8,91,0.0,0.07
1064,2023-09-13 08:00,24.3,0,1.1,87,0.0,0.38
1065,2023-09-13 09:00,26.1,0,2.0,80,0.2,1.05
1066,2023-09-13 10:00,26.1,0.0,0.9,79,0.0,0.73
1067,2023-09-13 11:00,24.8,3.7,2.4,88,0.0,0.45
1068,2023-09-13 12:00,25.8,3.1,0.8,88,0.0,0.92
1069,2023-09-13 13:00,24.7,2.7,0.9,88,0.0,0.32
1070,2023-09-13 14:00,25.0,0.7,1.8,88,0.0,0.62
1071,2023-09-13 15:00,25.8,0,1.4,85,0.0,1.15
1072,2023-09-13 16:00,25.9,0,1.2,86,0.0,0.5
1073,2023-09-13 17:00,24.8,0.8,1.9,89,0.0,0.09
1074,2023-09-13 18:00,24.0,24.8,1.7,92,0.0,0.03
1075,2023-09-13 19:00,23.6,0.0,2.1,91,0.0,0.01
1076,2023-09-13 20:00,23.1,0.9,1.9,93,0,0
1077,2023-09-13 21:00,22.8,5.9,1.9,95,0,0
1078,2023-09-13 22:00,22.3,0,2.9,92,0,0
1079,2023-09-13 23:00,21.9,0.4,2.8,94,0,0
1080,2023-09-14 00:00,21.8,2.3,1.3,94,0,0
1081,2023-09-14 01:00,21.6,3.9,2.4,94,0,0
1082,2023-09-14 02:00,21.6,0.0,2.4,92,0,0
1083,2023-09-14 03:00,21.6,0.0,1.9,92,0,0
1084,2023-09-14 04:00,21.5,2.8,2.1,93,0,0
1085,2023-09-14 05:00,21.1,7.9,2.3,95,0,0
1086,2023-09-14 06:00,21.1,0.1,0.4,96,0,0
1087,2023-09-14 07:00,21.2,0.1,0.4,96,0.0,0.02
1088,2023-09-14 08:00,21.7,0.4,0.5,94,0.0,0.12
1089,2023-09-14 09:00,22.3,0.1,1.5,92,0.0,0.23
1090,2023-09-14 10:00,22.7,0.1,1.6,90,0.0,0.36
1091,2023-09-14 11:00,23.5,0,1.1,86,0.0,0.53
1092,2023-09-14 12:00,23.7,0.0,1.8,86,0.0,0.65
1093,2023-09-14 13:00,23.6,0.0,2.3,86,0.0,0.68
1094,2023-09-14 14:00,23.1,0.2,2.5,90,0.0,0.65
1095,2023-09-14 15:00,23.3,0.0,1.3,87,0.0,0.48
1096,2023-09-14 16:00,22.8,0.0,1.4,90,0.0,0.23
1097,2023-09-14 17:00,22.5,0.0,2.3,89,0.0,0.19
1098,2023-09-14 18:00,22.5,0.0,1.1,89,0.0,0.12
1099,2023-09-14 19:00,22.4,0,2.0,88,0.0,0.01
1100,2023-09-14 20:00,22.3,0.0,1.7,88,0,0
1101,2023-09-14 21:00,22.1,0.0,1.3,91,0,0
1102,2023-09-14 22:00,22.0,0,1.3,91,0,0
1103,2023-09-14 23:00,22.2,0,2.0,89,0,0
1104,2023-09-15 00:00,22.1,0,1.4,90,0,0
1105,2023-09-15 01:00,22.0,0,1.7,91,0,0
1106,2023-09-15 02:00,21.7,0,1.4,93,0,0
1107,2023-09-15 03:00,21.9,0,2.2,92,0,0
1108,2023-09-15 04:00,21.9,0,2.2,92,0,0
1109,2023-09-15 05:00,22.1,0,2.0,91,0,0
1110,2023-09-15 06:00,22.1,0,2.6,91,0,0
1111,2023-09-15 07:00,22.6,0,2.3,89,0.0,0.08
1112,2023-09-15 08:00,23.2,0.0,2.2,87,0.0,0.15
1113,2023-09-15 09:00,24.1,0,2.6,84,0.0,0.44
1114,2023-09-15 10:00,25.1,0,1.6,83,0.0,0.66
1115,2023-09-15 11:00,24.7,0.0,1.8,83,0.0,0.78
1116,2023-09-15 12:00,24.8,0.1,1.8,85,0.0,0.66
1117,2023-09-15 13:00,24.2,0.7,0.7,89,0.0,0.44
1118,2023-09-15 14:00,24.5,2.9,1.8,91,0.0,0.85
1119,2023-09-15 15:00,24.9,0,2.1,85,0.0,0.94
1120,2023-09-15 16:00,24.7,0.2,1.2,89,0.0,0.64
1121,2023-09-15 17:00,24.3,0,1.9,87,0.1,0.5
1122,2023-09-15 18:00,23.9,0,1.1,89,0.0,0.15
1123,2023-09-15 19:00,23.3,0,0.6,91,0.0,0.0
1124,2023-09-15 20:00,23.0,0,0.9,92,0,0
1125,2023-09-15 21:00,22.7,0,1.5,93,0,0
1126,2023-09-15 22:00,22.7,0,0.5,94,0,0
1127,2023-09-15 23:00,22.6,0,1.0,95,0,0
1128,2023-09-16 00:00,22.4,0,0.8,95,0,0
1129,2023-09-16 01:00,22.0,0,1.2,96,0,0
1130,2023-09-16 02:00,21.7,0,1.2,96,0,0
1131,2023-09-16 03:00,21.9,0,0.8,96,0,0
1132,2023-09-16 04:00,21.8,0,1.2,96,0,0
1133,2023-09-16 05:00,22.1,0,2.5,96,0,0
1134,2023-09-16 06:00,21.9,0,0.1,95,0,0
1135,2023-09-16 07:00,22.5,0,0.6,96,0.2,0.13
1136,2023-09-16 08:00,23.7,0,0.4,89,0.8,0.5
1137,2023-09-16 09:00,25.0,0,0.3,87,0.0,0.95
1138,2023-09-16 10:00,24.3,0.0,0.7,88,0.0,0.25
1139,2023-09-16 11:00,23.8,0.9,1.6,93,0.0,0.06
1140,2023-09-16 12:00,23.6,4.5,1.0,95,0.0,0.02
1141,2023-09-16 13:00,23.5,1.4,0.4,95,0.0,0.06
1142,2023-09-16 14:00,23.6,1.4,0.5,95,0.0,0.17
1143,2023-09-16 15:00,24.0,1.4,0.8,93,0.0,0.56
1144,2023-09-16 16:00,23.5,1.1,0.4,91,0.0,0.3
1145,2023-09-16 17:00,23.6,2.3,0.4,95,0.0,0.11
1146,2023-09-16 18:00,23.3,2.8,0.7,95,0.0,0.03
1147,2023-09-16 19:00,22.6,3.8,1.3,94,0.0,0.0
1148,2023-09-16 20:00,22.6,0.0,0.8,95,0,0
1149,2023-09-16 21:00,22.6,0,0.8,95,0,0
1150,2023-09-16 22:00,22.8,0,0.0,96,0,0
1151,2023-09-16 23:00,23.0,0,1.1,96,0,0
1152,2023-09-17 00:00,23.0,0,0.1,96,0,0
1153,2023-09-17 01:00,23.1,0.1,0.5,95,0,0
1154,2023-09-17 02:00,22.8,0.3,0.8,97,0,0
1155,2023-09-17 03:00,23.0,0,0.2,96,0,0
1156,2023-09-17 04:00,23.0,1.0,1.8,96,0,0
1157,2023-09-17 05:00,23.0,0.3,0.2,96,0,0
1158,2023-09-17 06:00,21.9,15.0,1.5,94,0,0
1159,2023-09-17 07:00,21.3,38.8,0.6,97,0.0,0.0
1160,2023-09-17 08:00,21.4,3.5,0.3,97,0.0,0.03
1161,2023-09-17 09:00,21.7,2.8,0.4,97,0.0,0.03
1162,2023-09-17 10:00,22.2,0.1,2.2,97,0.0,0.13
1163,2023-09-17 11:00,23.4,0,1.2,95,0.0,0.61
1164,2023-09-17 12:00,24.5,0,0.8,88,0.0,1.1
1165,2023-09-17 13:00,26.3,0,2.8,81,0.5,2.18
1166,2023-09-17 14:00,25.1,0,1.2,85,0.0,0.7
1167,2023-09-17 15:00,25.0,0,0.8,89,0.0,0.39
1168,2023-09-17 16:00,25.4,0,1.2,87,0.0,0.48
1169,2023-09-17 17:00,25.2,0,2.7,87,0.0,0.38
1170,2023-09-17 18:00,24.6,0,1.7,89,0.0,0.17
1171,2023-09-17 19:00,24.1,0,1.1,89,0.0,0.01
1172,2023-09-17 20:00,23.8,0,1.5,89,0,0
1173,2023-09-17 21:00,23.6,0,1.5,86,0,0
1174,2023-09-17 22:00,22.2,0,1.0,92,0,0
1175,2023-09-17 23:00,22.6,0,1.2,89,0,0
1176,2023-09-18 00:00,22.3,0,1.6,90,0,0
1177,2023-09-18 01:00,22.4,0,0.2,91,0,0
1178,2023-09-18 02:00,22.2,0,0.2,92,0,0
1179,2023-09-18 03:00,22.7,0,1.8,91,0,0
1180,2023-09-18 04:00,21.9,0,0.4,94,0,0
1181,2023-09-18 05:00,22.1,0.0,1.3,94,0,0
1182,2023-09-18 06:00,21.8,0.8,0.7,95,0,0
1183,2023-09-18 07:00,21.7,0,0.5,96,0.0,0.03
1184,2023-09-18 08:00,22.0,0,0.3,95,0.0,0.1
1185,2023-09-18 09:00,23.2,0,0.7,93,0.0,0.51
1186,2023-09-18 10:00,25.3,0,1.8,83,0.2,1.33
1187,2023-09-18 11:00,27.2,0,1.9,78,0.4,1.67
1188,2023-09-18 12:00,27.6,0,2.2,75,0.5,2.13
1189,2023-09-18 13:00,27.7,0,1.7,73,0.5,2.01
1190,2023-09-18 14:00,28.1,0,2.2,75,0.7,2.25
1191,2023-09-18 15:00,29.3,0,1.3,73,0.6,1.68
1192,2023-09-18 16:00,28.7,0,2.5,68,0.8,1.59
1193,2023-09-18 17:00,28.6,0,3.0,68,1.0,1.09
1194,2023-09-18 18:00,27.1,0,1.7,75,0.9,0.42
1195,2023-09-18 19:00,26.4,0,3.1,77,0.0,0.02
1196,2023-09-18 20:00,25.1,0,2.3,82,0,0
1197,2023-09-18 21:00,24.6,0,2.1,84,0,0
1198,2023-09-18 22:00,23.5,0,0.0,88,0,0
1199,2023-09-18 23:00,23.3,0,1.0,89,0,0
1200,2023-09-19 00:00,23.4,0,1.2,87,0,0
1201,2023-09-19 01:00,23.2,0,2.1,90,0,0
1202,2023-09-19 02:00,22.1,0,0.1,92,0,0
1203,2023-09-19 03:00,22.0,0,2.2,94,0,0
1204,2023-09-19 04:00,22.5,0,2.5,92,0,0
1205,2023-09-19 05:00,21.5,0,0.8,94,0,0
1206,2023-09-19 06:00,21.0,0,0.2,94,0,0
1207,2023-09-19 07:00,22.2,0,0.8,95,0.2,0.13
1208,2023-09-19 08:00,23.6,0,1.6,88,1.0,0.57
1209,2023-09-19 09:00,25.0,0,2.3,79,1.0,1.43
1210,2023-09-19 10:00,27.3,0,1.3,66,1.0,1.93
1211,2023-09-19 11:00,27.8,0,1.8,60,1.0,2.25
1212,2023-09-19 12:00,28.0,0,1.8,61,0.7,2.33
1213,2023-09-19 13:00,28.9,0,2.2,53,1.0,3.01
1214,2023-09-19 14:00,29.9,0,1.4,59,1.0,2.74
1215,2023-09-19 15:00,28.4,0,1.3,60,0.3,1.33
1216,2023-09-19 16:00,28.5,0,1.9,64,0.5,1.33
1217,2023-09-19 17:00,27.7,0,1.5,55,0.5,0.88
1218,2023-09-19 18:00,25.9,0,1.4,60,0.3,0.37
1219,2023-09-19 19:00,24.5,0,1.5,65,0.0,0.02
1220,2023-09-19 20:00,23.6,0,1.3,67,0,0
1221,2023-09-19 21:00,23.5,0,2.5,74,0,0
1222,2023-09-19 22:00,22.3,0,1.9,79,0,0
1223,2023-09-19 23:00,22.3,0,1.5,79,0,0
1224,2023-09-20 00:00,21.4,0,0.3,80,0,0
1225,2023-09-20 01:00,21.3,0,0.5,83,0,0
1226,2023-09-20 02:00,20.7,0,1.6,86,0,0
1227,2023-09-20 03:00,21.0,0,1.5,86,0,0
1228,2023-09-20 04:00,20.9,0,1.3,85,0,0
1229,2023-09-20 05:00,20.6,0,0.7,88,0,0
1230,2023-09-20 06:00,20.5,0,0.6,88,0,0
1231,2023-09-20 07:00,21.2,0,0.4,86,0.0,0.06
1232,2023-09-20 08:00,22.2,0,2.2,83,0.0,0.34
1233,2023-09-20 09:00,23.2,0,1.7,78,0.0,0.52
1234,2023-09-20 10:00,24.0,0,1.1,79,0.0,0.57
1235,2023-09-20 11:00,25.3,0,0.6,73,0.0,0.94
1236,2023-09-20 12:00,24.4,0,1.6,77,0.0,0.59
1237,2023-09-20 13:00,24.5,0.0,0.9,78,0.0,0.36
1238,2023-09-20 14:00,24.0,0.0,1.3,81,0.0,0.28
1239,2023-09-20 15:00,22.8,0.7,0.5,88,0.0,0.1
1240,2023-09-20 16:00,22.7,0.2,0.4,90,0.0,0.16
1241,2023-09-20 17:00,22.5,0.2,1.2,90,0.0,0.11
1242,2023-09-20 18:00,21.9,2.4,2.6,91,0.0,0.03
1243,2023-09-20 19:00,21.1,22.6,1.8,96,0.0,0.0
1244,2023-09-20 20:00,21.0,2.0,1.3,96,0,0
1245,2023-09-20 21:00,21.6,1.5,1.3,97,0,0
1246,2023-09-20 22:00,21.8,1.8,1.7,97,0,0
1247,2023-09-20 23:00,22.4,1.1,0.9,97,0,0
1248,2023-09-21 00:00,23.3,4.9,1.1,97,0,0
1249,2023-09-21 01:00,21.9,19.0,1.5,96,0,0
1250,2023-09-21 02:00,21.3,17.3,2.6,96,0,0
1251,2023-09-21 03:00,20.8,20.8,3.5,95,0,0
1252,2023-09-21 04:00,20.4,2.0,3.3,95,0,0
1253,2023-09-21 05:00,19.8,1.6,3.2,93,0,0
1254,2023-09-21 06:00,19.4,0.3,2.0,93,0,0
1255,2023-09-21 07:00,19.3,0.4,2.4,93,0.0,0.02
1256,2023-09-21 08:00,19.5,0.0,2.5,93,0.0,0.14
1257,2023-09-21 09:00,19.5,0.1,2.5,89,0.0,0.31
1258,2023-09-21 10:00,19.4,0.0,3.9,86,0.0,0.44
1259,2023-09-21 11:00,20.1,0.0,3.1,79,0.0,0.92
1260,2023-09-21 12:00,20.4,0,3.7,74,0.0,0.68
1261,2023-09-21 13:00,20.8,0,2.9,74,0.0,0.71
1262,2023-09-21 14:00,21.1,0,2.4,72,0.0,0.94
1263,2023-09-21 15:00,20.6,0,1.7,71,0.0,0.5
1264,2023-09-21 16:00,20.3,0,2.3,74,0.0,0.45
1265,2023-09-21 17:00,20.0,0,2.6,75,0.0,0.3
1266,2023-09-21 18:00,19.7,0,1.9,76,0.0,0.08
1267,2023-09-21 19:00,18.4,0.0,2.2,83,0.0,0.0
1268,2023-09-21 20:00,18.1,0.0,2.3,87,0,0
1269,2023-09-21 21:00,17.9,0.0,1.2,89,0,0
1270,2023-09-21 22:00,17.9,0.0,1.6,90,0,0
1271,2023-09-21 23:00,18.0,0,1.4,90,0,0
1272,2023-09-22 00:00,18.0,0,0.2,91,0,0
1273,2023-09-22 01:00,17.9,0,0.9,91,0,0
1274,2023-09-22 02:00,17.8,0,0.6,91,0,0
1275,2023-09-22 03:00,17.7,0,0.2,91,0,0
1276,2023-09-22 04:00,17.7,0,0.6,90,0,0
1277,2023-09-22 05:00,17.9,0,1.8,88,0,0
1278,2023-09-22 06:00,17.3,0,1.8,89,0,0
1279,2023-09-22 07:00,18.1,0,2.2,85,0.1,0.09
1280,2023-09-22 08:00,19.9,0,1.6,80,1.0,0.76
1281,2023-09-22 09:00,21.0,0,2.5,74,1.0,1.35
1282,2023-09-22 10:00,22.5,0,3.7,64,1.0,2.26
1283,2023-09-22 11:00,23.1,0,1.8,62,0.7,2.36
1284,2023-09-22 12:00,22.7,0,3.3,66,0.1,1.14
1285,2023-09-22 13:00,23.8,0,3.2,64,0.4,2.02
1286,2023-09-22 14:00,23.3,0,3.5,61,0.6,2.05
1287,2023-09-22 15:00,22.8,0,2.7,64,0.2,1.21
1288,2023-09-22 16:00,22.3,0,2.8,63,0.8,1.47
1289,2023-09-22 17:00,21.8,0,2.5,64,0.4,0.78
1290,2023-09-22 18:00,20.8,0,1.5,69,0.1,0.2
1291,2023-09-22 19:00,20.2,0,2.4,72,0.0,0.01
1292,2023-09-22 20:00,19.4,0,1.7,76,0,0
1293,2023-09-22 21:00,19.0,0,1.7,77,0,0
1294,2023-09-22 22:00,18.6,0,2.2,79,0,0
1295,2023-09-22 23:00,17.4,0,1.1,86,0,0
1296,2023-09-23 00:00,17.1,0,1.2,87,0,0
1297,2023-09-23 01:00,16.7,0,1.3,89,0,0
1298,2023-09-23 02:00,16.7,0,1.5,89,0,0
1299,2023-09-23 03:00,16.1,0,0.9,90,0,0
1300,2023-09-23 04:00,16.1,0,1.7,91,0,0
1301,2023-09-23 05:00,16.1,0,2.3,90,0,0
1302,2023-09-23 06:00,16.4,0,2.1,88,0,0
1303,2023-09-23 07:00,17.6,0,2.4,84,0.1,0.14
1304,2023-09-23 08:00,19.6,0,3.0,76,0.9,0.77
1305,2023-09-23 09:00,20.8,0,2.7,73,0.6,1.13
1306,2023-09-23 10:00,23.2,0,3.7,62,0.8,1.75
1307,2023-09-23 11:00,23.4,0,3.3,52,0.9,2.32
1308,2023-09-23 12:00,23.9,0,3.8,47,0.9,2.69
1309,2023-09-23 13:00,23.7,0,5.0,49,1.0,2.35
1310,2023-09-23 14:00,23.3,0,4.8,53,0.9,2.15
1311,2023-09-23 15:00,22.9,0,3.3,53,0.5,1.58
1312,2023-09-23 16:00,22.5,0,3.7,53,0.9,1.67
1313,2023-09-23 17:00,21.6,0,3.4,56,0.2,0.51
1314,2023-09-23 18:00,21.1,0,2.8,62,0.2,0.26
1315,2023-09-23 19:00,21.1,0,2.6,63,0.0,0.0
1316,2023-09-23 20:00,20.9,0,2.2,67,0,0
1317,2023-09-23 21:00,21.0,0,3.2,70,0,0
1318,2023-09-23 22:00,21.1,0,3.6,73,0,0
1319,2023-09-23 23:00,21.2,0.0,3.5,72,0,0
1320,2023-09-24 00:00,19.0,0.5,1.9,87,0,0
1321,2023-09-24 01:00,20.5,0,3.6,78,0,0
1322,2023-09-24 02:00,20.8,0,3.2,72,0,0
1323,2023-09-24 03:00,20.4,0,3.8,71,0,0
1324,2023-09-24 04:00,20.0,0,4.0,72,0,0
1325,2023-09-24 05:00,20.2,0,4.1,70,0,0
1326,2023-09-24 06:00,19.9,0,4.2,69,0,0
1327,2023-09-24 07:00,20.0,0,2.3,67,0.0,0.07
1328,2023-09-24 08:00,20.8,0,2.6,65,0.4,0.62
1329,2023-09-24 09:00,22.2,0,4.0,58,1.0,1.74
1330,2023-09-24 10:00,23.0,0,3.5,52,1.0,2.31
1331,2023-09-24 11:00,23.3,0,3.8,46,1.0,2.71
1332,2023-09-24 12:00,23.7,0,4.2,55,0.9,2.75
1333,2023-09-24 13:00,23.5,0,4.4,60,0.7,2.63
1334,2023-09-24 14:00,23.8,0,3.5,56,0.8,2.58
1335,2023-09-24 15:00,22.8,0,4.2,56,0.8,1.97
1336,2023-09-24 16:00,22.2,0,3.9,58,1.0,1.43
1337,2023-09-24 17:00,21.7,0,4.1,61,0.3,0.75
1338,2023-09-24 18:00,21.3,0,3.7,66,0.1,0.23
1339,2023-09-24 19:00,21.0,0,3.1,69,0.0,0.0
1340,2023-09-24 20:00,21.0,0,2.8,70,0,0
1341,2023-09-24 21:00,21.0,0,3.1,70,0,0
1342,2023-09-24 22:00,21.1,0,2.2,72,0,0
1343,2023-09-24 23:00,21.1,0,2.4,73,0,0
1344,2023-09-25 00:00,21.1,0,2.2,70,0,0
1345,2023-09-25 01:00,20.9,0,2.6,70,0,0
1346,2023-09-25 02:00,20.6,0,3.6,70,0,0
1347,2023-09-25 03:00,20.5,0,3.0,72,0,0
1348,2023-09-25 04:00,20.7,0,3.2,72,0,0
1349,2023-09-25 05:00,20.4,0,2.5,74,0,0
1350,2023-09-25 06:00,20.6,0,2.8,74,0,0
1351,2023-09-25 07:00,20.8,0,3.2,73,0.0,0.03
1352,2023-09-25 08:00,21.0,0,2.8,73,0.0,0.17
1353,2023-09-25 09:00,21.8,0,2.3,72,0.0,0.52
1354,2023-09-25 10:00,22.9,0,2.6,70,0.0,0.92
1355,2023-09-25 11:00,22.9,0,2.8,71,0.0,1.0
1356,2023-09-25 12:00,22.9,0,3.1,73,0.0,0.97
1357,2023-09-25 13:00,23.3,0.0,2.6,72,0.0,0.78
1358,2023-09-25 14:00,22.9,0,2.4,74,0.0,0.8
1359,2023-09-25 15:00,22.5,0,2.0,76,0.0,0.25
1360,2023-09-25 16:00,23.3,0,2.5,74,0.1,0.71
1361,2023-09-25 17:00,23.0,0,1.6,73,0.1,0.7
1362,2023-09-25 18:00,22.4,0,1.7,76,0.0,0.11
1363,2023-09-25 19:00,22.0,0,1.5,79,0.0,0.01
1364,2023-09-25 20:00,21.8,0,1.4,80,0,0
1365,2023-09-25 21:00,21.7,0,2.2,80,0,0
1366,2023-09-25 22:00,21.5,0,2.6,82,0,0
1367,2023-09-25 23:00,21.2,0.0,2.3,84,0,0
1368,2023-09-26 00:00,20.8,0,0.7,86,0,0
1369,2023-09-26 01:00,20.5,0,0.9,89,0,0
1370,2023-09-26 02:00,20.1,0,1.6,91,0,0
1371,2023-09-26 03:00,20.2,0,1.1,90,0,0
1372,2023-09-26 04:00,20.3,0,1.0,90,0,0
1373,2023-09-26 05:00,20.1,0,1.4,92,0,0
1374,2023-09-26 06:00,20.6,0,1.8,91,0,0
1375,2023-09-26 07:00,20.6,0.0,1.4,93,0.0,0.01
1376,2023-09-26 08:00,20.7,0.1,1.0,94,0.0,0.11
1377,2023-09-26 09:00,20.9,1.9,1.0,94,0.0,0.26
1378,2023-09-26 10:00,20.9,0.9,1.1,94,0.0,0.21
1379,2023-09-26 11:00,21.1,0.6,2.0,93,0.0,0.43
1380,2023-09-26 12:00,21.5,0.0,1.1,91,0.0,0.57
1381,2023-09-26 13:00,21.5,0.0,0.5,91,0.0,0.36
1382,2023-09-26 14:00,21.4,0.0,0.8,92,0.0,0.2
1383,2023-09-26 15:00,21.9,0.0,0.5,90,0.0,0.38
1384,2023-09-26 16:00,21.8,0.0,0.8,89,0.0,0.38
1385,2023-09-26 17:00,21.2,0.5,1.5,93,0.0,0.08
1386,2023-09-26 18:00,21.3,0.0,0.5,94,0.0,0.04
1387,2023-09-26 19:00,21.2,0.0,0.8,94,0.0,0.01
1388,2023-09-26 20:00,21.3,0.1,0.1,95,0,0
1389,2023-09-26 21:00,21.2,0,0.3,95,0,0
1390,2023-09-26 22:00,21.2,0,0.5,95,0,0
1391,2023-09-26 23:00,21.2,0,1.3,96,0,0
1392,2023-09-27 00:00,21.1,0,1.5,96,0,0
1393,2023-09-27 01:00,21.1,0,0.9,96,0,0
1394,2023-09-27 02:00,21.3,0,1.6,96,0,0
1395,2023-09-27 03:00,21.1,0.0,1.8,96,0,0
1396,2023-09-27 04:00,21.1,0.1,1.4,95,0,0
1397,2023-09-27 05:00,20.7,0.1,0.5,95,0,0
1398,2023-09-27 06:00,20.8,0,0.1,95,0,0
1399,2023-09-27 07:00,20.9,0,1.0,96,0.0,0.05
1400,2023-09-27 08:00,22.3,0,0.8,91,0.7,0.5
1401,2023-09-27 09:00,23.8,0,0.5,81,0.8,1.29
1402,2023-09-27 10:00,26.0,0,1.4,75,0.6,1.77
1403,2023-09-27 11:00,26.5,0,1.3,65,0.9,2.52
1404,2023-09-27 12:00,27.0,0,1.5,71,0.4,1.67
1405,2023-09-27 13:00,25.9,0,1.6,73,0.3,1.56
1406,2023-09-27 14:00,23.8,0.0,1.3,86,0.0,0.18
1407,2023-09-27 15:00,24.8,0.0,1.0,79,0.0,0.54
1408,2023-09-27 16:00,23.6,0,1.0,86,0.0,0.18
1409,2023-09-27 17:00,23.9,0,0.3,84,0.0,0.21
1410,2023-09-27 18:00,23.7,0,1.1,84,0.0,0.07
1411,2023-09-27 19:00,23.3,0.0,0.8,89,0.0,0.0
1412,2023-09-27 20:00,22.9,0.0,1.4,88,0,0
1413,2023-09-27 21:00,22.9,0,1.3,90,0,0
1414,2023-09-27 22:00,21.6,0.0,2.4,87,0,0
1415,2023-09-27 23:00,21.2,0,1.4,90,0,0
1416,2023-09-28 00:00,21.3,0,1.1,87,0,0
1417,2023-09-28 01:00,21.4,0,1.2,86,0,0
1418,2023-09-28 02:00,21.3,0,1.5,85,0,0
1419,2023-09-28 03:00,21.2,0,1.5,85,0,0
1420,2023-09-28 04:00,21.0,0,1.9,86,0,0
1421,2023-09-28 05:00,21.5,0,2.6,78,0,0
1422,2023-09-28 06:00,21.3,0,2.5,76,0,0
1423,2023-09-28 07:00,21.2,0,1.1,78,0.1,0.06
1424,2023-09-28 08:00,22.9,0,2.4,72,0.7,0.53
1425,2023-09-28 09:00,23.8,0,2.8,72,1.0,1.35
1426,2023-09-28 10:00,24.8,0,3.8,65,1.0,2.03
1427,2023-09-28 11:00,25.6,0,3.1,60,1.0,2.54
1428,2023-09-28 12:00,26.3,0,3.3,57,1.0,2.82
1429,2023-09-28 13:00,26.8,0,3.2,56,1.0,2.87
1430,2023-09-28 14:00,27.0,0,3.2,53,1.0,2.64
1431,2023-09-28 15:00,27.7,0,2.1,52,1.0,2.34
1432,2023-09-28 16:00,27.7,0,2.2,52,1.0,1.71
1433,2023-09-28 17:00,26.7,0,2.7,51,1.0,1.01
1434,2023-09-28 18:00,25.1,0,2.1,57,0.7,0.3
1435,2023-09-28 19:00,23.3,0,1.5,64,0.0,0.0
1436,2023-09-28 20:00,22.7,0,2.3,68,0,0
1437,2023-09-28 21:00,22.4,0,2.0,70,0,0
1438,2023-09-28 22:00,21.8,0,1.9,73,0,0
1439,2023-09-28 23:00,20.9,0,1.6,76,0,0
1440,2023-09-29 00:00,20.7,0,1.8,74,0,0
1441,2023-09-29 01:00,19.6,0,1.8,81,0,0
1442,2023-09-29 02:00,19.8,0,2.2,80,0,0
1443,2023-09-29 03:00,19.2,0,2.4,82,0,0
1444,2023-09-29 04:00,18.4,0,2.6,85,0,0
1445,2023-09-29 05:00,18.2,0,3.0,88,0,0
1446,2023-09-29 06:00,18.0,0,3.3,87,0,0
1447,2023-09-29 07:00,18.5,0,2.7,85,0.0,0.06
1448,2023-09-29 08:00,20.1,0,2.6,80,1.0,0.64
1449,2023-09-29 09:00,21.7,0,2.6,71,1.0,1.36
1450,2023-09-29 10:00,23.4,0,3.0,63,1.0,2.01
1451,2023-09-29 11:00,24.9,0,2.8,60,1.0,2.51
1452,2023-09-29 12:00,26.0,0,2.0,54,1.0,2.8
1453,2023-09-29 13:00,26.2,0,3.0,55,1.0,2.84
1454,2023-09-29 14:00,26.3,0,3.2,57,1.0,2.59
1455,2023-09-29 15:00,25.0,0,2.8,61,0.4,1.62
1456,2023-09-29 16:00,24.4,0,2.8,63,0.1,1.02
1457,2023-09-29 17:00,23.6,0,1.5,70,0.0,0.39
1458,2023-09-29 18:00,23.0,0,1.1,75,0.0,0.05
1459,2023-09-29 19:00,22.3,0,1.2,79,0.0,0.0
1460,2023-09-29 20:00,21.7,0,1.0,83,0,0
1461,2023-09-29 21:00,21.4,0,1.1,82,0,0
1462,2023-09-29 22:00,20.9,0,0.6,85,0,0
1463,2023-09-29 23:00,20.7,0,0.5,87,0,0
1464,2023-09-30 00:00,20.6,0,0.5,86,0,0
1465,2023-09-30 01:00,20.3,0.0,0.2,87,0,0
1466,2023-09-30 02:00,20.2,0.0,0.4,88,0,0
1467,2023-09-30 03:00,20.1,0,1.7,86,0,0
1468,2023-09-30 04:00,19.8,0,0.2,90,0,0
1469,2023-09-30 05:00,19.8,0,2.5,90,0,0
1470,2023-09-30 06:00,20.0,0,2.2,82,0,0
1471,2023-09-30 07:00,17.9,0.1,4.5,84,0.0,0.0
1472,2023-09-30 08:00,16.3,0.8,3.6,87,0.0,0.06
1473,2023-09-30 09:00,15.6,0.0,3.9,87,0.0,0.33
1474,2023-09-30 10:00,15.5,0.0,1.6,89,0.0,0.33
1475,2023-09-30 11:00,16.7,0.0,1.7,84,0.0,0.53
1476,2023-09-30 12:00,17.5,0.0,0.2,83,0.0,0.51
1477,2023-09-30 13:00,20.4,0.0,0.7,70,0.2,1.67
1478,2023-09-30 14:00,22.6,0,2.4,56,0.8,2.38
1479,2023-09-30 15:00,23.4,0,1.2,57,1.0,2.03
1480,2023-09-30 16:00,24.1,0,2.4,44,1.0,1.7
1481,2023-09-30 17:00,22.8,0,1.1,51,0.8,0.75
1482,2023-09-30 18:00,21.1,0,1.3,62,0.6,0.3
1483,2023-09-30 19:00,19.5,0,1.5,68,0.0,0.0
1484,2023-09-30 20:00,18.7,0,1.3,72,0,0
1485,2023-09-30 21:00,19.5,0,2.4,70,0,0
1486,2023-09-30 22:00,18.8,0,1.8,72,0,0
1487,2023-09-30 23:00,18.7,0,1.9,73,0,0
1488,2023-10-01 00:00,17.9,0,1.1,76,0,0
1489,2023-10-01 01:00,18.0,0,1.9,73,0,0
1490,2023-10-01 02:00,17.4,0,1.1,75,0,0
1491,2023-10-01 03:00,17.0,0,1.5,78,0,0
1492,2023-10-01 04:00,17.4,0,2.2,77,0,0
1493,2023-10-01 05:00,17.3,0,2.4,78,0,0
1494,2023-10-01 06:00,17.7,0,2.0,75,0,0
1495,2023-10-01 07:00,17.7,0,2.1,69,0.0,0.05
1496,2023-10-01 08:00,18.3,0,2.3,63,0.1,0.37
1497,2023-10-01 09:00,19.0,0,2.4,56,0.6,0.95
1498,2023-10-01 10:00,20.7,0,3.0,45,1.0,2.09
1499,2023-10-01 11:00,21.4,0,4.2,43,1.0,2.62
1500,2023-10-01 12:00,22.5,0,2.9,38,1.0,2.93
1501,2023-10-01 13:00,22.9,0,3.3,36,1.0,2.95
1502,2023-10-01 14:00,23.3,0,3.5,36,1.0,2.76
1503,2023-10-01 15:00,23.4,0,3.6,36,1.0,2.32
1504,2023-10-01 16:00,23.3,0,2.7,36,1.0,1.73
1505,2023-10-01 17:00,22.7,0,1.8,37,1.0,1.0
1506,2023-10-01 18:00,20.2,0,1.3,53,0.7,0.28
1507,2023-10-01 19:00,18.6,0,1.9,60,0.0,0.0
1508,2023-10-01 20:00,17.5,0,1.4,61,0,0
1509,2023-10-01 21:00,17.4,0,2.7,66,0,0
1510,2023-10-01 22:00,16.4,0,1.9,70,0,0
1511,2023-10-01 23:00,15.5,0,1.0,75,0,0
1512,2023-10-01 00:00,17.9,0,1.1,76,0,0
1513,2023-10-01 01:00,18.0,0,1.9,73,0,0
1514,2023-10-01 02:00,17.4,0,1.1,75,0,0
1515,2023-10-01 03:00,17.0,0,1.5,78,0,0
1516,2023-10-01 04:00,17.4,0,2.2,77,0,0
1517,2023-10-01 05:00,17.3,0,2.4,78,0,0
1518,2023-10-01 06:00,17.7,0,2.0,75,0,0
1519,2023-10-01 07:00,17.7,0,2.1,69,0.0,0.05
1520,2023-10-01 08:00,18.3,0,2.3,63,0.1,0.37
1521,2023-10-01 09:00,19.0,0,2.4,56,0.6,0.95
1522,2023-10-01 10:00,20.7,0,3.0,45,1.0,2.09
1523,2023-10-01 11:00,21.4,0,4.2,43,1.0,2.62
1524,2023-10-01 12:00,22.5,0,2.9,38,1.0,2.93
1525,2023-10-01 13:00,22.9,0,3.3,36,1.0,2.95
1526,2023-10-01 14:00,23.3,0,3.5,36,1.0,2.76
1527,2023-10-01 15:00,23.4,0,3.6,36,1.0,2.32
1528,2023-10-01 16:00,23.3,0,2.7,36,1.0,1.73
1529,2023-10-01 17:00,22.7,0,1.8,37,1.0,1.0
1530,2023-10-01 18:00,20.2,0,1.3,53,0.7,0.28
1531,2023-10-01 19:00,18.6,0,1.9,60,0.0,0.0
1532,2023-10-01 20:00,17.5,0,1.4,61,0,0
1533,2023-10-01 21:00,17.4,0,2.7,66,0,0
1534,2023-10-01 22:00,16.4,0,1.9,70,0,0
1535,2023-10-01 23:00,15.5,0,1.0,75,0,0
1536,2023-10-02 00:00,15.3,0,2.1,75,0,0
1537,2023-10-02 01:00,14.8,0,1.3,73,0,0
1538,2023-10-02 02:00,14.0,0,1.4,77,0,0
1539,2023-10-02 03:00,14.5,0,1.9,69,0,0
1540,2023-10-02 04:00,14.6,0,2.2,65,0,0
1541,2023-10-02 05:00,14.2,0,1.9,66,0,0
1542,2023-10-02 06:00,14.2,0,1.6,67,0,0
1543,2023-10-02 07:00,14.7,0,2.2,68,0.0,0.05
1544,2023-10-02 08:00,16.3,0,2.6,66,0.5,0.56
1545,2023-10-02 09:00,17.2,0,2.2,67,0.3,0.85
1546,2023-10-02 10:00,19.2,0,2.5,63,0.6,1.46
1547,2023-10-02 11:00,21.4,0,1.6,51,1.0,2.6
1548,2023-10-02 12:00,22.3,0,2.6,38,1.0,2.92
1549,2023-10-02 13:00,23.1,0,2.5,31,1.0,2.98
1550,2023-10-02 14:00,23.3,0,3.0,25,1.0,2.79
1551,2023-10-02 15:00,23.2,0,2.9,41,1.0,2.36
1552,2023-10-02 16:00,22.0,0,3.4,41,1.0,1.71
1553,2023-10-02 17:00,21.2,0,2.9,44,1.0,0.97
1554,2023-10-02 18:00,19.6,0,2.1,47,0.7,0.27
1555,2023-10-02 19:00,18.5,0,2.3,50,0.0,0.0
1556,2023-10-02 20:00,18.0,0,1.5,52,0,0
1557,2023-10-02 21:00,17.0,0,2.1,57,0,0
1558,2023-10-02 22:00,16.3,0,2.5,62,0,0
1559,2023-10-02 23:00,15.2,0,0.2,66,0,0
1560,2023-10-03 00:00,14.8,0,0.5,68,0,0
1561,2023-10-03 01:00,15.4,0,1.8,66,0,0
1562,2023-10-03 02:00,14.9,0,1.3,68,0,0
1563,2023-10-03 03:00,14.4,0,1.2,71,0,0
1564,2023-10-03 04:00,14.2,0,1.1,72,0,0
1565,2023-10-03 05:00,15.3,0,2.8,67,0,0
1566,2023-10-03 06:00,14.5,0,1.2,73,0,0
1567,2023-10-03 07:00,14.6,0,1.6,75,0.0,0.03
1568,2023-10-03 08:00,15.0,0,1.3,79,0.0,0.36
1569,2023-10-03 09:00,17.6,0,0.2,72,0.0,0.74
1570,2023-10-03 10:00,20.1,0,1.1,65,0.3,1.18
1571,2023-10-03 11:00,21.5,0,1.3,60,0.3,1.43
1572,2023-10-03 12:00,21.3,0,1.5,62,0.0,0.75
1573,2023-10-03 13:00,21.4,0,2.3,62,0.0,0.83
1574,2023-10-03 14:00,20.3,0,3.2,65,0.0,0.54
1575,2023-10-03 15:00,20.0,0,2.8,68,0.0,0.44
1576,2023-10-03 16:00,19.7,0,2.5,71,0.0,0.26
1577,2023-10-03 17:00,18.7,0.0,1.6,81,0.0,0.1
1578,2023-10-03 18:00,17.7,0.5,1.8,87,0.0,0.03
1579,2023-10-03 19:00,17.4,0.0,1.0,87,0.0,0.0
1580,2023-10-03 20:00,17.3,0,1.1,90,0,0
1581,2023-10-03 21:00,17.1,0,1.7,90,0,0
1582,2023-10-03 22:00,17.1,0,1.6,89,0,0
1583,2023-10-03 23:00,17.0,0,2.4,88,0,0
1584,2023-10-04 00:00,16.6,0,1.7,86,0,0
1585,2023-10-04 01:00,16.4,0,3.3,86,0,0
1586,2023-10-04 02:00,15.9,0,2.1,86,0,0
1587,2023-10-04 03:00,15.9,0,2.9,86,0,0
1588,2023-10-04 04:00,15.4,0,2.2,88,0,0
1589,2023-10-04 05:00,15.2,0,2.6,88,0,0
1590,2023-10-04 06:00,14.5,0,1.2,90,0,0
1591,2023-10-04 07:00,14.9,0,2.0,88,0.0,0.05
1592,2023-10-04 08:00,16.1,0,2.2,85,0.5,0.48
1593,2023-10-04 09:00,18.0,0,1.8,75,1.0,1.09
1594,2023-10-04 10:00,20.5,0,0.9,63,1.0,1.87
1595,2023-10-04 11:00,21.5,0,3.8,49,1.0,2.36
1596,2023-10-04 12:00,23.2,0,2.5,46,1.0,2.76
1597,2023-10-04 13:00,24.2,0,1.3,39,1.0,2.71
1598,2023-10-04 14:00,24.0,0,2.6,39,1.0,2.44
1599,2023-10-04 15:00,24.2,0,2.7,37,0.9,1.66
1600,2023-10-04 16:00,23.9,0,2.6,40,1.0,1.49
1601,2023-10-04 17:00,22.9,0,2.1,46,0.9,0.86
1602,2023-10-04 18:00,20.8,0,0.6,59,0.4,0.26
1603,2023-10-04 19:00,20.3,0,2.6,56,0.0,0.0
1604,2023-10-04 20:00,19.9,0,2.2,59,0,0
1605,2023-10-04 21:00,19.9,0,1.8,59,0,0
1606,2023-10-04 22:00,19.9,0,0.9,59,0,0
1607,2023-10-04 23:00,18.7,0,0.4,67,0,0
1608,2023-10-05 00:00,18.6,0,0.3,68,0,0
1609,2023-10-05 01:00,19.3,0,1.4,62,0,0
1610,2023-10-05 02:00,19.9,0,2.3,61,0,0
1611,2023-10-05 03:00,19.1,0,2.6,62,0,0
1612,2023-10-05 04:00,17.3,0,2.9,51,0,0
1613,2023-10-05 05:00,16.6,0,2.0,50,0,0
1614,2023-10-05 06:00,16.0,0,3.8,36,0,0
1615,2023-10-05 07:00,14.9,0,3.3,32,0.0,0.02
1616,2023-10-05 08:00,14.3,0,3.2,38,0.0,0.23
1617,2023-10-05 09:00,14.9,0,3.2,39,0.0,0.71
1618,2023-10-05 10:00,16.4,0,2.9,35,0.7,1.98
1619,2023-10-05 11:00,17.4,0,3.8,34,1.0,2.57
1620,2023-10-05 12:00,18.6,0,2.5,34,1.0,2.87
1621,2023-10-05 13:00,19.7,0,3.0,27,1.0,2.94
1622,2023-10-05 14:00,20.1,0,3.2,26,1.0,2.76
1623,2023-10-05 15:00,20.0,0,2.7,26,1.0,2.34
1624,2023-10-05 16:00,20.5,0,2.4,27,1.0,1.69
1625,2023-10-05 17:00,19.8,0,1.9,29,1.0,0.97
1626,2023-10-05 18:00,17.3,0,1.7,37,0.6,0.23
1627,2023-10-05 19:00,15.2,0,2.0,45,0.0,0.0
1628,2023-10-05 20:00,15.1,0,2.6,45,0,0
1629,2023-10-05 21:00,14.3,0,1.6,48,0,0
1630,2023-10-05 22:00,13.2,0,1.3,53,0,0
1631,2023-10-05 23:00,13.1,0,2.3,53,0,0
1632,2023-10-06 00:00,12.8,0,2.6,55,0,0
1633,2023-10-06 01:00,12.5,0,2.8,56,0,0
1634,2023-10-06 02:00,12.8,0,2.3,55,0,0
1635,2023-10-06 03:00,11.8,0,1.3,59,0,0
1636,2023-10-06 04:00,11.7,0,2.3,59,0,0
1637,2023-10-06 05:00,12.4,0,2.0,56,0,0
1638,2023-10-06 06:00,12.0,0,2.0,59,0,0
1639,2023-10-06 07:00,12.1,0,2.1,60,0.0,0.02
1640,2023-10-06 08:00,13.6,0,2.6,56,0.5,0.42
1641,2023-10-06 09:00,16.4,0,3.0,47,1.0,1.41
1642,2023-10-06 10:00,17.6,0,2.3,43,0.9,1.82
1643,2023-10-06 11:00,19.0,0,2.0,43,1.0,2.3
1644,2023-10-06 12:00,21.1,0,1.1,41,0.9,2.41
1645,2023-10-06 13:00,21.8,0,1.5,36,1.0,2.82
1646,2023-10-06 14:00,22.7,0,2.0,42,1.0,2.59
1647,2023-10-06 15:00,21.7,0,1.7,43,1.0,1.97
1648,2023-10-06 16:00,20.5,0,2.8,47,0.8,1.29
1649,2023-10-06 17:00,19.0,0,1.6,51,0.2,0.48
1650,2023-10-06 18:00,17.9,0,0.6,56,0.1,0.13
1651,2023-10-06 19:00,16.9,0,0.7,62,0.0,0.0
1652,2023-10-06 20:00,16.4,0,1.4,64,0,0
1653,2023-10-06 21:00,16.3,0,2.0,65,0,0
1654,2023-10-06 22:00,16.1,0,1.6,67,0,0
1655,2023-10-06 23:00,16.1,0,1.9,67,0,0
1656,2023-10-07 00:00,16.1,0,1.9,66,0,0
1657,2023-10-07 01:00,15.5,0,0.7,69,0,0
1658,2023-10-07 02:00,15.1,0,1.7,74,0,0
1659,2023-10-07 03:00,14.9,0,0.4,73,0,0
1660,2023-10-07 04:00,14.4,0,0.6,74,0,0
1661,2023-10-07 05:00,14.4,0,1.3,73,0,0
1662,2023-10-07 06:00,14.1,0,0.8,72,0,0
1663,2023-10-07 07:00,14.2,0,1.0,72,0.0,0.02
1664,2023-10-07 08:00,14.8,0,0.4,75,0.0,0.24
1665,2023-10-07 09:00,18.6,0,2.1,65,0.7,1.12
1666,2023-10-07 10:00,19.6,0,2.0,59,0.1,1.15
1667,2023-10-07 11:00,20.7,0,2.9,53,0.8,1.82
1668,2023-10-07 12:00,21.3,0,3.3,46,0.6,1.87
1669,2023-10-07 13:00,21.8,0,2.5,45,0.6,2.26
1670,2023-10-07 14:00,20.8,0,3.3,45,0.2,1.46
1671,2023-10-07 15:00,20.4,0,1.9,49,0.0,0.7
1672,2023-10-07 16:00,19.9,0,1.5,51,0.0,0.56
1673,2023-10-07 17:00,19.3,0,1.9,57,0.0,0.29
1674,2023-10-07 18:00,18.2,0,2.4,67,0.0,0.05
1675,2023-10-07 19:00,17.1,0.0,2.0,76,0,0
1676,2023-10-07 20:00,16.8,0,3.1,79,0,0
1677,2023-10-07 21:00,16.8,0,2.2,79,0,0
1678,2023-10-07 22:00,17.2,0,2.1,74,0,0
1679,2023-10-07 23:00,18.2,0,1.8,63,0,0
1680,2023-10-08 00:00,18.3,0,1.9,60,0,0
1681,2023-10-08 01:00,19.1,0,3.3,54,0,0
1682,2023-10-08 02:00,19.1,0,3.5,52,0,0
1683,2023-10-08 03:00,19.1,0,4.3,53,0,0
1684,2023-10-08 04:00,18.9,0,3.4,56,0,0
1685,2023-10-08 05:00,18.8,0,3.5,55,0,0
1686,2023-10-08 06:00,18.4,0,2.8,57,0,0
1687,2023-10-08 07:00,18.4,0,2.1,56,0.0,0.01
1688,2023-10-08 08:00,18.3,0,2.5,56,0.0,0.17
1689,2023-10-08 09:00,18.5,0,2.8,54,0.0,0.35
1690,2023-10-08 10:00,18.5,0,1.7,57,0.0,0.32
1691,2023-10-08 11:00,18.4,0,2.9,60,0.0,0.31
1692,2023-10-08 12:00,19.4,0,3.3,61,0.0,0.67
1693,2023-10-08 13:00,18.8,0,4.5,66,0.0,0.76
1694,2023-10-08 14:00,18.5,0,3.7,73,0.0,1.07
1695,2023-10-08 15:00,18.5,0,4.0,76,0.1,0.78
1696,2023-10-08 16:00,17.7,0,2.4,75,0.1,0.73
1697,2023-10-08 17:00,17.3,0,3.1,73,0.0,0.17
1698,2023-10-08 18:00,17.6,0,2.5,66,0.0,0.06
1699,2023-10-08 19:00,16.8,0,2.5,77,0,0
1700,2023-10-08 20:00,17.2,0.0,3.0,76,0,0
1701,2023-10-08 21:00,17.6,0,3.3,77,0,0
1702,2023-10-08 22:00,17.2,0.0,3.2,81,0,0
1703,2023-10-08 23:00,17.3,0,2.6,80,0,0
1704,2023-10-09 00:00,17.2,0,2.6,81,0,0
1705,2023-10-09 01:00,16.9,0.0,2.1,83,0,0
1706,2023-10-09 02:00,17.1,0,2.9,80,0,0
1707,2023-10-09 03:00,16.7,0,2.2,81,0,0
1708,2023-10-09 04:00,16.7,0,3.4,83,0,0
1709,2023-10-09 05:00,16.5,0.0,2.9,86,0,0
1710,2023-10-09 06:00,16.4,0,3.2,89,0,0
1711,2023-10-09 07:00,16.1,0.2,3.4,93,0.0,0.03
1712,2023-10-09 08:00,16.7,0,2.9,88,0.0,0.26
1713,2023-10-09 09:00,18.0,0,2.9,80,0.0,0.61
1714,2023-10-09 10:00,18.7,0,2.7,76,0.0,0.77
1715,2023-10-09 11:00,19.9,0,3.2,67,0.3,1.62
1716,2023-10-09 12:00,20.0,0,2.0,65,0.0,0.79
1717,2023-10-09 13:00,20.5,0,2.5,64,0.0,0.89
1718,2023-10-09 14:00,19.7,0,2.6,71,0.0,0.51
1719,2023-10-09 15:00,19.7,0,2.0,71,0.0,0.47
1720,2023-10-09 16:00,20.0,0,1.9,69,0.1,0.66
1721,2023-10-09 17:00,19.4,0,1.6,69,0.0,0.32
1722,2023-10-09 18:00,18.4,0,0.7,74,0.0,0.09
1723,2023-10-09 19:00,17.5,0,0.8,80,0,0
1724,2023-10-09 20:00,17.1,0,1.6,83,0,0
1725,2023-10-09 21:00,16.6,0,1.7,85,0,0
1726,2023-10-09 22:00,16.1,0,1.3,88,0,0
1727,2023-10-09 23:00,15.6,0,0.4,90,0,0
1728,2023-10-10 00:00,15.1,0,0.5,91,0,0
1729,2023-10-10 01:00,14.6,0,0.5,92,0,0
1730,2023-10-10 02:00,14.1,0,1.8,94,0,0
1731,2023-10-10 03:00,14.9,0,2.9,91,0,0
1732,2023-10-10 04:00,15.1,0,3.3,84,0,0
1733,2023-10-10 05:00,15.5,0,3.1,78,0,0
1734,2023-10-10 06:00,14.3,0,0.9,81,0,0
1735,2023-10-10 07:00,14.4,0,1.6,81,0.0,0.02
1736,2023-10-10 08:00,16.5,0,3.4,71,0.9,0.53
1737,2023-10-10 09:00,17.7,0,3.1,68,1.0,1.29
1738,2023-10-10 10:00,18.8,0,4.1,57,1.0,1.95
1739,2023-10-10 11:00,20.3,0,2.9,54,1.0,2.46
1740,2023-10-10 12:00,20.0,0,2.2,55,0.2,1.18
1741,2023-10-10 13:00,20.6,0,2.6,54,0.5,1.88
1742,2023-10-10 14:00,21.3,0,3.7,47,0.8,2.34
1743,2023-10-10 15:00,20.9,0,4.3,43,1.0,2.04
1744,2023-10-10 16:00,20.0,0,2.4,53,0.9,1.11
1745,2023-10-10 17:00,19.3,0,2.8,58,0.7,0.6
1746,2023-10-10 18:00,18.1,0,2.1,65,0.0,0.12
1747,2023-10-10 19:00,18.0,0,1.8,67,0,0
1748,2023-10-10 20:00,18.0,0,2.7,68,0,0
1749,2023-10-10 21:00,17.5,0,2.3,68,0,0
1750,2023-10-10 22:00,17.4,0,3.1,68,0,0
1751,2023-10-10 23:00,17.2,0,2.7,70,0,0
1752,2023-10-11 00:00,16.7,0,2.3,72,0,0
1753,2023-10-11 01:00,16.4,0,2.5,74,0,0
1754,2023-10-11 02:00,16.0,0,2.5,75,0,0
1755,2023-10-11 03:00,15.8,0,2.5,76,0,0
1756,2023-10-11 04:00,15.6,0,2.5,76,0,0
1757,2023-10-11 05:00,15.4,0,1.8,76,0,0
1758,2023-10-11 06:00,15.1,0,2.8,77,0,0
1759,2023-10-11 07:00,15.4,0,2.1,74,0.0,0.02
1760,2023-10-11 08:00,16.2,0,1.7,71,0.3,0.29
1761,2023-10-11 09:00,19.2,0,2.9,54,1.0,1.27
1762,2023-10-11 10:00,20.6,0,3.3,40,1.0,1.92
1763,2023-10-11 11:00,21.2,0,4.1,39,0.9,2.28
1764,2023-10-11 12:00,21.4,0,3.6,39,0.8,2.29
1765,2023-10-11 13:00,21.7,0,3.3,30,0.9,2.52
1766,2023-10-11 14:00,21.5,0,3.7,35,0.9,2.44
1767,2023-10-11 15:00,21.4,0,3.4,35,1.0,2.16
1768,2023-10-11 16:00,20.9,0,2.2,35,1.0,1.53
1769,2023-10-11 17:00,19.7,0,2.6,41,1.0,0.83
1770,2023-10-11 18:00,17.9,0,2.5,43,0.3,0.14
1771,2023-10-11 19:00,17.2,0,1.6,45,0,0
1772,2023-10-11 20:00,16.3,0,1.9,47,0,0
1773,2023-10-11 21:00,15.8,0,1.6,50,0,0
1774,2023-10-11 22:00,14.2,0,0.5,61,0,0
1775,2023-10-11 23:00,13.7,0,1.0,65,0,0
1776,2023-10-12 00:00,13.6,0,1.2,65,0,0
1777,2023-10-12 01:00,13.3,0,2.5,65,0,0
1778,2023-10-12 02:00,13.9,0,1.6,62,0,0
1779,2023-10-12 03:00,12.7,0,1.9,67,0,0
1780,2023-10-12 04:00,11.7,0,0.8,73,0,0
1781,2023-10-12 05:00,12.8,0,2.2,68,0,0
1782,2023-10-12 06:00,12.5,0,2.4,68,0,0
1783,2023-10-12 07:00,12.8,0,2.3,68,0.0,0.03
1784,2023-10-12 08:00,14.9,0,2.2,62,0.8,0.51
1785,2023-10-12 09:00,18.3,0,1.5,53,1.0,1.25
1786,2023-10-12 10:00,19.6,0,2.7,51,1.0,1.9
1787,2023-10-12 11:00,20.1,0,2.6,51,0.6,1.66
1788,2023-10-12 12:00,20.3,0,2.5,51,0.5,1.79
1789,2023-10-12 13:00,21.1,0,4.7,46,0.8,2.16
1790,2023-10-12 14:00,21.4,0,4.4,45,1.0,2.45
1791,2023-10-12 15:00,20.9,0,4.8,48,1.0,2.02
1792,2023-10-12 16:00,20.8,0,2.4,46,1.0,1.48
1793,2023-10-12 17:00,19.8,0,2.4,47,1.0,0.79
1794,2023-10-12 18:00,17.9,0,1.9,54,0.2,0.1
1795,2023-10-12 19:00,17.3,0,2.3,57,0,0
1796,2023-10-12 20:00,15.7,0,0.2,64,0,0
1797,2023-10-12 21:00,14.7,0,1.1,70,0,0
1798,2023-10-12 22:00,14.3,0,1.0,73,0,0
1799,2023-10-12 23:00,14.2,0,1.1,73,0,0
1800,2023-10-13 00:00,14.3,0,0.6,73,0,0
1801,2023-10-13 01:00,13.7,0,0.1,76,0,0
1802,2023-10-13 02:00,13.3,0,0.3,79,0,0
1803,2023-10-13 03:00,13.8,0,0.9,77,0,0
1804,2023-10-13 04:00,14.0,0,1.5,76,0,0
1805,2023-10-13 05:00,13.9,0,1.5,76,0,0
1806,2023-10-13 06:00,13.9,0,1.7,76,0,0
1807,2023-10-13 07:00,13.7,0,1.5,78,0.0,0.01
1808,2023-10-13 08:00,14.9,0,1.5,77,0.0,0.26
1809,2023-10-13 09:00,17.2,0,2.3,65,0.6,0.97
1810,2023-10-13 10:00,19.6,0,2.0,59,0.8,1.53
1811,2023-10-13 11:00,21.6,0,2.4,52,0.9,1.96
1812,2023-10-13 12:00,21.7,0,3.2,47,1.0,2.29
1813,2023-10-13 13:00,22.2,0,3.7,42,0.8,2.19
1814,2023-10-13 14:00,22.3,0,2.6,45,0.9,2.25
1815,2023-10-13 15:00,21.6,0,2.4,51,0.7,1.74
1816,2023-10-13 16:00,20.7,0,1.9,54,0.4,1.07
1817,2023-10-13 17:00,19.6,0,1.5,57,0.3,0.56
1818,2023-10-13 18:00,18.7,0,0.6,61,0.0,0.07
1819,2023-10-13 19:00,17.9,0,0.4,65,0,0
1820,2023-10-13 20:00,17.0,0,0.7,69,0,0
1821,2023-10-13 21:00,16.5,0,1.0,71,0,0
1822,2023-10-13 22:00,16.4,0,0.6,73,0,0
1823,2023-10-13 23:00,16.1,0,1.4,74,0,0
1824,2023-10-14 00:00,15.7,0,1.8,77,0,0
1825,2023-10-14 01:00,15.2,0,2.1,79,0,0
1826,2023-10-14 02:00,15.3,0,1.5,78,0,0
1827,2023-10-14 03:00,15.2,0,1.5,79,0,0
1828,2023-10-14 04:00,14.5,0,1.4,82,0,0
1829,2023-10-14 05:00,14.6,0,0.4,82,0,0
1830,2023-10-14 06:00,14.5,0,1.3,83,0,0
1831,2023-10-14 07:00,14.0,0,0.2,87,0.0,0.02
1832,2023-10-14 08:00,15.4,0,0.1,84,0.2,0.3
1833,2023-10-14 09:00,17.7,0,0.5,73,0.4,0.81
1834,2023-10-14 10:00,20.8,0,1.3,60,0.9,1.57
1835,2023-10-14 11:00,22.3,0,2.1,46,1.0,2.25
1836,2023-10-14 12:00,22.9,0,2.2,39,1.0,2.58
1837,2023-10-14 13:00,22.1,0,1.8,45,0.4,1.66
1838,2023-10-14 14:00,21.9,0,2.3,52,0.3,1.27
1839,2023-10-14 15:00,23.2,0,2.6,48,0.7,1.65
1840,2023-10-14 16:00,23.1,0,2.5,39,1.0,1.35
1841,2023-10-14 17:00,21.5,0,2.6,41,0.5,0.5
1842,2023-10-14 18:00,19.7,0,2.7,55,0.0,0.07
1843,2023-10-14 19:00,18.2,0.0,2.2,64,0,0
1844,2023-10-14 20:00,14.8,3.1,0.6,90,0,0
1845,2023-10-14 21:00,13.5,0,1.9,92,0,0
1846,2023-10-14 22:00,13.8,0,1.9,86,0,0
1847,2023-10-14 23:00,12.8,0,1.7,92,0,0
1848,2023-10-15 00:00,13.5,0,2.2,87,0,0
1849,2023-10-15 01:00,13.6,0,1.8,85,0,0
1850,2023-10-15 02:00,13.4,0,2.4,84,0,0
1851,2023-10-15 03:00,13.2,0,2.7,84,0,0
1852,2023-10-15 04:00,13.5,0,1.5,80,0,0
1853,2023-10-15 05:00,13.7,0,3.6,78,0,0
1854,2023-10-15 06:00,13.7,0,2.8,77,0,0
1855,2023-10-15 07:00,14.0,0,2.6,75,0.0,0.02
1856,2023-10-15 08:00,14.8,0,3.2,72,0.7,0.45
1857,2023-10-15 09:00,16.6,0,2.8,63,1.0,1.2
1858,2023-10-15 10:00,17.7,0,4.3,54,1.0,1.86
1859,2023-10-15 11:00,18.7,0,5.5,52,1.0,2.35
1860,2023-10-15 12:00,19.5,0,4.2,51,1.0,2.61
1861,2023-10-15 13:00,20.5,0,3.3,49,1.0,2.69
1862,2023-10-15 14:00,20.8,0,3.7,46,1.0,2.5
1863,2023-10-15 15:00,21.3,0,3.5,42,1.0,2.05
1864,2023-10-15 16:00,21.3,0,3.0,43,1.0,1.42
1865,2023-10-15 17:00,20.4,0,2.1,46,1.0,0.73
1866,2023-10-15 18:00,18.2,0,1.8,53,0.2,0.09
1867,2023-10-15 19:00,16.5,0,1.9,60,0,0
1868,2023-10-15 20:00,16.3,0,1.6,62,0,0
1869,2023-10-15 21:00,15.7,0,0.5,65,0,0
1870,2023-10-15 22:00,15.8,0,1.4,64,0,0
1871,2023-10-15 23:00,15.4,0,1.6,64,0,0
1872,2023-10-16 00:00,14.8,0,0.7,64,0,0
1873,2023-10-16 01:00,15.9,0,1.9,59,0,0
1874,2023-10-16 02:00,13.9,0,0.6,68,0,0
1875,2023-10-16 03:00,14.4,0,2.3,68,0,0
1876,2023-10-16 04:00,14.5,0,2.2,68,0,0
1877,2023-10-16 05:00,14.4,0,2.3,70,0,0
1878,2023-10-16 06:00,14.2,0,2.4,74,0,0
1879,2023-10-16 07:00,15.6,0,1.8,68,0.0,0.02
1880,2023-10-16 08:00,16.1,0,1.0,69,0.7,0.46
1881,2023-10-16 09:00,18.4,0,2.4,62,1.0,1.17
1882,2023-10-16 10:00,19.1,0,2.9,54,1.0,1.86
1883,2023-10-16 11:00,19.8,0,2.6,46,1.0,2.38
1884,2023-10-16 12:00,20.4,0,3.4,43,1.0,2.66
1885,2023-10-16 13:00,21.6,0,2.5,41,1.0,2.68
1886,2023-10-16 14:00,22.0,0,1.9,37,1.0,2.45
1887,2023-10-16 15:00,21.7,0,1.2,38,1.0,1.99
1888,2023-10-16 16:00,21.6,0,1.5,39,1.0,1.37
1889,2023-10-16 17:00,20.6,0,1.1,44,1.0,0.7
1890,2023-10-16 18:00,17.8,0,1.7,49,0.2,0.09
1891,2023-10-16 19:00,17.2,0,2.1,49,0,0
1892,2023-10-16 20:00,15.0,0,1.9,59,0,0
1893,2023-10-16 21:00,14.4,0,1.4,63,0,0
1894,2023-10-16 22:00,14.9,0,2.2,59,0,0
1895,2023-10-16 23:00,13.4,0,1.6,66,0,0
1896,2023-10-17 00:00,13.7,0,1.9,65,0,0
1897,2023-10-17 01:00,13.1,0,3.0,68,0,0
1898,2023-10-17 02:00,12.2,0,2.2,69,0,0
1899,2023-10-17 03:00,12.0,0,2.6,66,0,0
1900,2023-10-17 04:00,11.3,0,3.1,66,0,0
1901,2023-10-17 05:00,10.7,0,3.0,64,0,0
1902,2023-10-17 06:00,10.4,0,2.5,63,0,0
1903,2023-10-17 07:00,10.3,0,2.3,64,0.0,0.02
1904,2023-10-17 08:00,12.6,0,1.9,56,0.7,0.48
1905,2023-10-17 09:00,14.3,0,3.5,49,1.0,1.27
1906,2023-10-17 10:00,16.1,0,3.5,44,1.0,1.93
1907,2023-10-17 11:00,17.8,0,2.7,39,1.0,2.41
1908,2023-10-17 12:00,19.1,0,2.9,35,1.0,2.67
1909,2023-10-17 13:00,20.5,0,1.8,35,1.0,2.68
1910,2023-10-17 14:00,21.3,0,2.0,37,1.0,2.45
1911,2023-10-17 15:00,22.0,0,1.5,38,1.0,2.0
1912,2023-10-17 16:00,21.4,0,1.3,49,1.0,1.37
1913,2023-10-17 17:00,19.6,0,1.6,55,1.0,0.64
1914,2023-10-17 18:00,17.5,0,0.2,66,0.1,0.08
1915,2023-10-17 19:00,16.6,0,1.3,65,0,0
1916,2023-10-17 20:00,14.5,0,0.3,71,0,0
1917,2023-10-17 21:00,14.3,0,2.1,75,0,0
1918,2023-10-17 22:00,14.0,0,1.5,67,0,0
1919,2023-10-17 23:00,12.7,0,0.7,71,0,0
1920,2023-10-18 00:00,11.7,0,0.7,74,0,0
1921,2023-10-18 01:00,10.8,0,0.1,74,0,0
1922,2023-10-18 02:00,10.5,0,1.6,73,0,0
1923,2023-10-18 03:00,10.9,0,1.2,72,0,0
1924,2023-10-18 04:00,10.4,0,0.8,73,0,0
1925,2023-10-18 05:00,9.1,0,0.1,81,0,0
1926,2023-10-18 06:00,9.4,0,0.8,76,0,0
1927,2023-10-18 07:00,9.4,0,1.2,78,0.0,0.02
1928,2023-10-18 08:00,13.3,0,1.2,65,0.7,0.46
1929,2023-10-18 09:00,15.9,0,1.2,61,1.0,1.24
1930,2023-10-18 10:00,18.3,0,2.1,47,1.0,1.87
1931,2023-10-18 11:00,20.6,0,1.7,42,1.0,2.3
1932,2023-10-18 12:00,21.8,0,2.3,33,1.0,2.5
1933,2023-10-18 13:00,23.9,0,1.7,32,1.0,2.65
1934,2023-10-18 14:00,24.2,0,2.5,37,1.0,2.42
1935,2023-10-18 15:00,24.1,0,2.7,34,1.0,1.79
1936,2023-10-18 16:00,23.1,0,4.3,32,1.0,1.32
1937,2023-10-18 17:00,21.9,0,3.0,40,1.0,0.69
1938,2023-10-18 18:00,20.0,0,2.7,52,0.1,0.07
1939,2023-10-18 19:00,18.0,0,2.0,61,0,0
1940,2023-10-18 20:00,17.8,0,1.7,62,0,0
1941,2023-10-18 21:00,16.1,0,1.4,70,0,0
1942,2023-10-18 22:00,14.8,0,1.4,74,0,0
1943,2023-10-18 23:00,16.1,0,2.1,67,0,0
1944,2023-10-19 00:00,14.2,0,1.0,73,0,0
1945,2023-10-19 01:00,13.9,0,0.4,78,0,0
1946,2023-10-19 02:00,14.3,0,1.6,75,0,0
1947,2023-10-19 03:00,13.2,0,0.0,79,0,0
1948,2023-10-19 04:00,13.8,0,2.0,81,0,0
1949,2023-10-19 05:00,13.2,0,1.9,82,0,0
1950,2023-10-19 06:00,13.5,0,1.6,80,0,0
1951,2023-10-19 07:00,15.1,0,1.9,72,0.0,0.03
1952,2023-10-19 08:00,15.1,0,0.1,75,0.2,0.37
1953,2023-10-19 09:00,18.4,0,1.9,64,0.9,1.14
1954,2023-10-19 10:00,20.6,0,1.4,57,0.8,1.42
1955,2023-10-19 11:00,20.9,0,2.1,54,0.2,1.37
1956,2023-10-19 12:00,21.4,0,2.6,48,0.2,1.38
1957,2023-10-19 13:00,22.1,0,2.2,45,0.5,1.7
1958,2023-10-19 14:00,22.8,0,2.0,37,0.6,1.86
1959,2023-10-19 15:00,22.4,0,2.0,36,0.4,1.17
1960,2023-10-19 16:00,22.5,0,2.1,38,0.4,0.8
1961,2023-10-19 17:00,20.8,0,2.1,40,0.4,0.37
1962,2023-10-19 18:00,20.2,0,1.3,43,0.0,0.02
1963,2023-10-19 19:00,18.9,0,2.0,52,0,0
1964,2023-10-19 20:00,18.6,0,0.8,58,0,0
1965,2023-10-19 21:00,18.9,0,2.2,62,0,0
1966,2023-10-19 22:00,18.8,0,1.2,65,0,0
1967,2023-10-19 23:00,17.8,0,2.8,64,0,0
1968,2023-10-20 00:00,16.9,0.0,2.6,73,0,0
1969,2023-10-20 01:00,13.8,0.1,3.5,84,0,0
1970,2023-10-20 02:00,13.8,0.0,2.2,71,0,0
1971,2023-10-20 03:00,13.2,0.0,2.1,75,0,0
1972,2023-10-20 04:00,13.5,0.0,1.6,72,0,0
1973,2023-10-20 05:00,13.3,0.0,2.1,75,0,0
1974,2023-10-20 06:00,12.8,0.0,2.0,77,0,0
1975,2023-10-20 07:00,12.2,0.4,3.0,72,0.0,0.0
1976,2023-10-20 08:00,12.5,0.0,2.6,70,0.0,0.08
1977,2023-10-20 09:00,13.2,0,2.8,64,0.0,0.26
1978,2023-10-20 10:00,14.6,0,4.2,47,0.2,0.84
1979,2023-10-20 11:00,16.6,0,3.9,34,1.0,2.32
1980,2023-10-20 12:00,16.8,0,4.7,30,1.0,2.67
1981,2023-10-20 13:00,17.2,0,5.5,23,1.0,2.71
1982,2023-10-20 14:00,17.1,0,4.6,23,1.0,2.51
1983,2023-10-20 15:00,17.1,0,3.3,25,1.0,2.02
1984,2023-10-20 16:00,16.9,0,3.0,27,1.0,1.41
1985,2023-10-20 17:00,15.9,0,2.6,28,1.0,0.69
1986,2023-10-20 18:00,13.9,0,2.6,28,0.0,0.05
1987,2023-10-20 19:00,13.3,0,2.8,31,0,0
1988,2023-10-20 20:00,12.3,0,1.7,36,0,0
1989,2023-10-20 21:00,11.7,0,2.4,42,0,0
1990,2023-10-20 22:00,11.1,0,1.2,47,0,0
1991,2023-10-20 23:00,11.0,0,2.9,50,0,0
1992,2023-10-21 00:00,10.3,0,2.7,54,0,0
1993,2023-10-21 01:00,10.0,0,3.8,46,0,0
1994,2023-10-21 02:00,9.7,0,4.6,39,0,0
1995,2023-10-21 03:00,9.1,0,4.1,35,0,0
1996,2023-10-21 04:00,8.9,0,2.9,32,0,0
1997,2023-10-21 05:00,8.5,0,2.3,33,0,0
1998,2023-10-21 06:00,8.1,0,2.6,36,0,0
1999,2023-10-21 07:00,7.3,0,2.3,42,0.0,0.01
2000,2023-10-21 08:00,9.4,0,2.3,40,0.7,0.44
2001,2023-10-21 09:00,11.4,0,3.3,32,1.0,1.22
2002,2023-10-21 10:00,13.4,0,1.9,32,1.0,1.85
2003,2023-10-21 11:00,15.6,0,2.1,31,1.0,2.31
2004,2023-10-21 12:00,16.9,0,2.1,29,0.9,2.53
2005,2023-10-21 13:00,17.2,0,2.7,33,0.2,1.44
2006,2023-10-21 14:00,17.2,0,3.7,35,0.4,1.53
2007,2023-10-21 15:00,18.0,0,3.1,34,0.8,1.84
2008,2023-10-21 16:00,18.2,0,2.3,37,1.0,1.49
2009,2023-10-21 17:00,16.4,0,1.6,44,0.7,0.55
2010,2023-10-21 18:00,14.6,0,1.4,53,0.0,0.05
2011,2023-10-21 19:00,13.8,0,1.9,57,0,0
2012,2023-10-21 20:00,12.1,0,1.7,64,0,0
2013,2023-10-21 21:00,11.8,0,1.8,65,0,0
2014,2023-10-21 22:00,11.3,0,2.0,67,0,0
2015,2023-10-21 23:00,10.2,0,1.9,71,0,0
2016,2023-10-22 00:00,9.4,0,0.6,72,0,0
2017,2023-10-22 01:00,8.5,0,0.4,77,0,0
2018,2023-10-22 02:00,10.5,0,2.3,58,0,0
2019,2023-10-22 03:00,9.2,0,2.1,65,0,0
2020,2023-10-22 04:00,9.3,0,2.4,65,0,0
2021,2023-10-22 05:00,7.4,0,0.0,70,0,0
2022,2023-10-22 06:00,6.9,0,1.6,77,0,0
2023,2023-10-22 07:00,6.8,0,1.4,76,0.0,0.01
2024,2023-10-22 08:00,10.4,0,0.6,68,0.6,0.44
2025,2023-10-22 09:00,13.6,0,0.6,50,1.0,1.2
2026,2023-10-22 10:00,16.3,0,1.0,39,1.0,1.85
2027,2023-10-22 11:00,17.8,0,1.3,28,1.0,2.29
2028,2023-10-22 12:00,19.0,0,1.8,25,1.0,2.29
2029,2023-10-22 13:00,19.8,0,1.9,27,1.0,2.18
2030,2023-10-22 14:00,19.7,0,2.2,26,1.0,2.02
2031,2023-10-22 15:00,19.1,0,2.5,27,0.9,1.29
2032,2023-10-22 16:00,18.3,0,0.8,34,0.0,0.68
2033,2023-10-22 17:00,16.7,0,1.4,40,0.1,0.32
2034,2023-10-22 18:00,16.0,0,1.8,44,0.0,0.03
2035,2023-10-22 19:00,15.7,0,1.8,43,0,0
2036,2023-10-22 20:00,14.8,0,3.1,47,0,0
2037,2023-10-22 21:00,14.5,0,2.7,48,0,0
2038,2023-10-22 22:00,14.1,0,1.5,50,0,0
2039,2023-10-22 23:00,14.8,0,3.0,53,0,0
2040,2023-10-23 00:00,13.9,0,1.2,56,0,0
2041,2023-10-23 01:00,12.5,0,1.3,62,0,0
2042,2023-10-23 02:00,12.6,0,2.3,63,0,0
2043,2023-10-23 03:00,11.3,0,0.8,66,0,0
2044,2023-10-23 04:00,12.6,0,1.6,68,0,0
2045,2023-10-23 05:00,12.4,0,2.1,71,0,0
2046,2023-10-23 06:00,11.7,0,1.9,78,0,0
2047,2023-10-23 07:00,11.8,0,2.3,80,0.0,0.01
2048,2023-10-23 08:00,13.4,0,2.2,76,0.6,0.39
2049,2023-10-23 09:00,16.1,0,2.1,66,1.0,1.12
2050,2023-10-23 10:00,17.9,0,2.2,57,1.0,1.75
2051,2023-10-23 11:00,18.9,0,3.0,50,1.0,2.23
2052,2023-10-23 12:00,19.8,0,2.6,43,1.0,2.47
2053,2023-10-23 13:00,20.8,0,1.4,35,1.0,2.5
2054,2023-10-23 14:00,21.3,0,2.3,38,1.0,2.27
2055,2023-10-23 15:00,20.8,0,1.7,42,0.9,1.61
2056,2023-10-23 16:00,20.2,0,2.1,45,1.0,1.15
2057,2023-10-23 17:00,19.0,0,1.0,46,1.0,0.52
2058,2023-10-23 18:00,16.1,0,0.0,56,0.0,0.03
2059,2023-10-23 19:00,14.7,0,1.4,65,0,0
2060,2023-10-23 20:00,14.4,0,1.9,66,0,0
2061,2023-10-23 21:00,14.3,0,2.0,66,0,0
2062,2023-10-23 22:00,12.7,0,1.2,75,0,0
2063,2023-10-23 23:00,11.8,0,0.7,80,0,0
2064,2023-10-24 00:00,11.6,0,0.8,81,0,0
2065,2023-10-24 01:00,11.5,0,1.3,80,0,0
2066,2023-10-24 02:00,11.2,0,1.6,82,0,0
2067,2023-10-24 03:00,10.6,0,1.2,82,0,0
2068,2023-10-24 04:00,10.1,0,0.0,83,0,0
2069,2023-10-24 05:00,9.9,0,0.0,84,0,0
2070,2023-10-24 06:00,9.4,0,0.3,85,0,0
2071,2023-10-24 07:00,9.5,0,0.1,87,0.0,0.01
2072,2023-10-24 08:00,12.9,0,0.4,77,0.5,0.43
2073,2023-10-24 09:00,14.4,0,0.0,74,0.7,0.68
2074,2023-10-24 10:00,17.1,0,1.1,63,0.7,1.33
2075,2023-10-24 11:00,18.8,0,1.5,53,1.0,1.99
2076,2023-10-24 12:00,21.3,0,1.8,44,1.0,2.47
2077,2023-10-24 13:00,21.0,0,2.2,43,0.8,1.87
2078,2023-10-24 14:00,21.2,0,1.6,45,1.0,1.97
2079,2023-10-24 15:00,19.8,0,1.5,47,0.2,0.9
2080,2023-10-24 16:00,19.3,0,1.5,46,0.1,0.67
2081,2023-10-24 17:00,19.0,0,1.0,51,0.4,0.42
2082,2023-10-24 18:00,16.4,0,1.5,63,0.0,0.05
2083,2023-10-24 19:00,16.3,0,2.5,61,0,0
2084,2023-10-24 20:00,16.3,0,3.7,57,0,0
2085,2023-10-24 21:00,15.3,0,2.4,61,0,0
2086,2023-10-24 22:00,13.5,0,0.8,69,0,0
2087,2023-10-24 23:00,12.9,0,0.4,73,0,0
2088,2023-10-25 00:00,13.8,0,2.0,69,0,0
2089,2023-10-25 01:00,13.9,0,2.1,71,0,0
2090,2023-10-25 02:00,12.8,0,0.1,75,0,0
2091,2023-10-25 03:00,12.6,0,0.9,77,0,0
2092,2023-10-25 04:00,12.9,0,1.4,77,0,0
2093,2023-10-25 05:00,13.0,0,2.3,78,0,0
2094,2023-10-25 06:00,13.0,0,1.6,78,0,0
2095,2023-10-25 07:00,13.2,0,2.1,79,0.0,0.01
2096,2023-10-25 08:00,14.5,0,2.8,75,0.5,0.34
2097,2023-10-25 09:00,17.2,0,1.5,65,1.0,1.03
2098,2023-10-25 10:00,18.3,0,1.5,60,1.0,1.63
2099,2023-10-25 11:00,20.0,0,1.3,53,1.0,2.09
2100,2023-10-25 12:00,20.8,0,2.6,49,1.0,2.34
2101,2023-10-25 13:00,21.9,0,2.0,45,1.0,2.39
2102,2023-10-25 14:00,22.9,0,1.4,42,1.0,2.21
2103,2023-10-25 15:00,21.9,0,2.4,46,1.0,1.75
2104,2023-10-25 16:00,21.0,0,1.7,46,1.0,1.14
2105,2023-10-25 17:00,19.2,0,0.8,55,0.9,0.49
2106,2023-10-25 18:00,17.3,0,0.8,63,0.0,0.04
2107,2023-10-25 19:00,15.7,0,0.1,72,0,0
2108,2023-10-25 20:00,14.7,0,1.0,75,0,0
2109,2023-10-25 21:00,14.0,0,0.3,79,0,0
2110,2023-10-25 22:00,13.5,0,0.9,79,0,0
2111,2023-10-25 23:00,13.2,0,1.2,83,0,0
2112,2023-10-26 00:00,13.0,0,0.5,82,0,0
2113,2023-10-26 01:00,12.2,0,0.1,84,0,0
2114,2023-10-26 02:00,11.6,0,0.2,89,0,0
2115,2023-10-26 03:00,12.1,0,0.1,85,0,0
2116,2023-10-26 04:00,11.7,0,0.5,85,0,0
2117,2023-10-26 05:00,12.6,0,1.2,81,0,0
2118,2023-10-26 06:00,12.6,0,1.8,82,0,0
2119,2023-10-26 07:00,12.5,0,2.2,82,0.0,0.01
2120,2023-10-26 08:00,14.8,0,1.4,76,0.5,0.32
2121,2023-10-26 09:00,17.0,0,1.9,69,1.0,1.0
2122,2023-10-26 10:00,18.5,0,2.7,61,1.0,1.4
2123,2023-10-26 11:00,19.8,0,3.0,53,1.0,1.86
2124,2023-10-26 12:00,22.2,0,2.2,40,1.0,2.31
2125,2023-10-26 13:00,23.0,0,2.3,41,1.0,2.36
2126,2023-10-26 14:00,23.9,0,1.5,41,1.0,2.18
2127,2023-10-26 15:00,23.8,0,1.3,40,1.0,1.71
2128,2023-10-26 16:00,23.7,0,0.9,39,1.0,1.1
2129,2023-10-26 17:00,21.7,0,2.1,41,0.9,0.46
2130,2023-10-26 18:00,19.2,0,1.0,49,0.0,0.03
2131,2023-10-26 19:00,18.6,0,1.6,54,0,0
2132,2023-10-26 20:00,16.4,0,0.7,63,0,0
2133,2023-10-26 21:00,16.6,0,0.6,64,0,0
2134,2023-10-26 22:00,15.5,0,1.1,69,0,0
2135,2023-10-26 23:00,14.8,0,0.4,72,0,0
2136,2023-10-27 00:00,14.6,0,0.0,76,0,0
2137,2023-10-27 01:00,14.1,0,0.0,78,0,0
2138,2023-10-27 02:00,13.4,0,0.2,81,0,0
2139,2023-10-27 03:00,12.9,0,0.0,83,0,0
2140,2023-10-27 04:00,12.4,0,0.4,88,0,0
2141,2023-10-27 05:00,12.9,0,1.9,84,0,0
2142,2023-10-27 06:00,11.6,0,1.0,92,0,0
2143,2023-10-27 07:00,13.9,0,1.7,77,0.0,0.01
2144,2023-10-27 08:00,13.7,0,2.4,81,0.5,0.29
2145,2023-10-27 09:00,16.1,0,2.4,69,1.0,0.94
2146,2023-10-27 10:00,17.4,0,3.3,51,1.0,1.47
2147,2023-10-27 11:00,18.5,0,3.5,47,1.0,2.01
2148,2023-10-27 12:00,19.0,0,3.6,48,1.0,2.2
2149,2023-10-27 13:00,18.7,0,4.1,50,0.7,1.85
2150,2023-10-27 14:00,18.9,0.0,3.6,51,0.6,1.7
2151,2023-10-27 15:00,16.6,0.0,3.9,63,0.0,0.35
2152,2023-10-27 16:00,16.0,0,3.6,65,0.0,0.35
2153,2023-10-27 17:00,15.8,0,3.5,61,0.3,0.27
2154,2023-10-27 18:00,14.8,0,2.2,64,0.0,0.04
2155,2023-10-27 19:00,14.1,0,1.7,67,0,0
2156,2023-10-27 20:00,13.1,0,1.8,71,0,0
2157,2023-10-27 21:00,12.8,0,2.7,72,0,0
2158,2023-10-27 22:00,12.1,0,2.0,76,0,0
2159,2023-10-27 23:00,11.3,0,0.9,79,0,0
2160,2023-10-28 00:00,11.3,0,1.7,80,0,0
2161,2023-10-28 01:00,11.0,0,1.1,80,0,0
2162,2023-10-28 02:00,9.9,0,0.3,86,0,0
2163,2023-10-28 03:00,10.3,0,1.8,86,0,0
2164,2023-10-28 04:00,9.4,0,0.3,88,0,0
2165,2023-10-28 05:00,9.0,0,0.7,91,0,0
2166,2023-10-28 06:00,8.2,0,0.6,89,0,0
2167,2023-10-28 07:00,8.2,0,0.8,92,0.0,0.01
2168,2023-10-28 08:00,11.0,0,0.3,85,0.5,0.31
2169,2023-10-28 09:00,14.1,0,1.6,68,1.0,1.0
2170,2023-10-28 10:00,16.3,0,2.3,61,1.0,1.53
2171,2023-10-28 11:00,17.6,0,3.5,52,1.0,2.02
2172,2023-10-28 12:00,18.8,0,2.0,45,1.0,2.38
2173,2023-10-28 13:00,19.4,0,1.9,42,1.0,2.46
2174,2023-10-28 14:00,18.9,0,2.6,47,0.7,1.75
2175,2023-10-28 15:00,18.7,0,3.8,46,0.7,1.32
2176,2023-10-28 16:00,17.8,0,3.3,49,1.0,1.09
2177,2023-10-28 17:00,16.4,0,1.2,58,0.4,0.33
2178,2023-10-28 18:00,15.6,0,1.0,65,0.0,0.03
2179,2023-10-28 19:00,15.6,0,0.8,67,0,0
2180,2023-10-28 20:00,14.5,0,2.0,72,0,0
2181,2023-10-28 21:00,13.4,0,2.3,77,0,0
2182,2023-10-28 22:00,13.5,0,1.2,76,0,0
2183,2023-10-28 23:00,13.1,0,2.1,77,0,0
2184,2023-10-29 00:00,12.4,0,2.0,78,0,0
2185,2023-10-29 01:00,11.9,0,1.7,82,0,0
2186,2023-10-29 02:00,11.0,0,0.6,85,0,0
2187,2023-10-29 03:00,10.6,0,1.1,89,0,0
2188,2023-10-29 04:00,11.2,0,1.1,85,0,0
2189,2023-10-29 05:00,11.3,0,1.0,83,0,0
2190,2023-10-29 06:00,10.9,0,0.7,85,0,0
2191,2023-10-29 07:00,9.9,0,0.0,87,0.0,0.0
2192,2023-10-29 08:00,12.5,0,0.9,84,0.5,0.31
2193,2023-10-29 09:00,15.1,0,1.5,71,1.0,1.01
2194,2023-10-29 10:00,16.8,0,2.1,61,1.0,1.58
2195,2023-10-29 11:00,17.9,0,2.7,52,1.0,2.09
2196,2023-10-29 12:00,19.2,0,2.4,50,0.5,1.74
2197,2023-10-29 13:00,18.1,0,2.7,51,0.4,1.25
2198,2023-10-29 14:00,19.0,0,1.9,47,0.7,1.92
2199,2023-10-29 15:00,17.7,0,2.7,52,0.8,1.64
2200,2023-10-29 16:00,17.3,0,2.5,53,0.8,0.93
2201,2023-10-29 17:00,16.0,0,2.2,57,0.9,0.48
2202,2023-10-29 18:00,14.9,0,1.5,63,0.0,0.03
2203,2023-10-29 19:00,13.8,0,1.6,68,0,0
2204,2023-10-29 20:00,13.0,0,2.2,71,0,0
2205,2023-10-29 21:00,12.9,0,1.9,72,0,0
2206,2023-10-29 22:00,11.4,0,0.0,79,0,0
2207,2023-10-29 23:00,11.6,0,1.9,80,0,0
2208,2023-10-30 00:00,11.2,0,1.8,81,0,0
2209,2023-10-30 01:00,10.0,0,0.5,86,0,0
2210,2023-10-30 02:00,9.7,0,0.0,88,0,0
2211,2023-10-30 03:00,10.1,0,1.5,89,0,0
2212,2023-10-30 04:00,9.1,0,0.7,90,0,0
2213,2023-10-30 05:00,8.9,0,0.1,92,0,0
2214,2023-10-30 06:00,8.7,0,0.3,94,0,0
2215,2023-10-30 07:00,8.8,0,0.0,94,0.0,0.0
2216,2023-10-30 08:00,11.6,0,0.0,92,0.6,0.31
2217,2023-10-30 09:00,15.3,0,1.0,69,1.0,0.99
2218,2023-10-30 10:00,17.3,0,1.6,61,1.0,1.55
2219,2023-10-30 11:00,19.8,0,1.4,53,1.0,2.03
2220,2023-10-30 12:00,19.9,0,1.6,45,1.0,2.21
2221,2023-10-30 13:00,20.4,0,2.5,41,0.9,2.18
2222,2023-10-30 14:00,21.5,0,1.8,37,1.0,2.09
2223,2023-10-30 15:00,21.6,0,2.1,44,1.0,1.73
2224,2023-10-30 16:00,20.1,0,2.2,46,1.0,1.09
2225,2023-10-30 17:00,18.6,0,1.7,53,0.8,0.48
2226,2023-10-30 18:00,16.9,0,0.7,61,0.0,0.04
2227,2023-10-30 19:00,15.1,0,0.2,70,0,0
2228,2023-10-30 20:00,13.9,0,1.0,78,0,0
2229,2023-10-30 21:00,13.5,0,0.7,80,0,0
2230,2023-10-30 22:00,13.0,0,0.0,82,0,0
2231,2023-10-30 23:00,12.1,0,1.0,87,0,0
2232,2023-10-31 00:00,12.1,0,1.6,86,0,0
2233,2023-10-31 01:00,12.1,0,1.3,88,0,0
2234,2023-10-31 02:00,10.8,0,0.2,91,0,0
2235,2023-10-31 03:00,10.6,0,0.1,92,0,0
2236,2023-10-31 04:00,9.9,0,0.1,90,0,0
2237,2023-10-31 05:00,9.6,0,0.4,91,0,0
2238,2023-10-31 06:00,10.1,0,0.5,86,0,0
2239,2023-10-31 07:00,10.5,0,1.5,85,0.0,0.0
2240,2023-10-31 08:00,13.1,0,0.0,81,0.6,0.3
2241,2023-10-31 09:00,16.5,0,1.2,55,1.0,1.0
2242,2023-10-31 10:00,18.3,0,1.8,52,1.0,1.54
2243,2023-10-31 11:00,21.2,0,1.2,46,1.0,2.01
2244,2023-10-31 12:00,21.9,0,1.7,36,1.0,2.31
2245,2023-10-31 13:00,23.1,0,2.4,29,1.0,2.36
2246,2023-10-31 14:00,23.8,0,2.4,19,1.0,2.17
2247,2023-10-31 15:00,24.1,0,2.0,21,1.0,1.79
2248,2023-10-31 16:00,23.3,0,1.0,30,1.0,1.19
2249,2023-10-31 17:00,21.4,0,0.0,35,0.8,0.47
2250,2023-10-31 18:00,18.8,0,1.0,43,0.0,0.02
2251,2023-10-31 19:00,16.9,0,0.0,50,0,0
2252,2023-10-31 20:00,15.8,0,0.7,46,0,0
2253,2023-10-31 21:00,14.4,0,0.1,54,0,0
2254,2023-10-31 22:00,13.7,0,0.0,58,0,0
2255,2023-10-31 23:00,12.8,0,0.0,64,0,0
2256,2023-11-01 00:00,12.1,0,0.3,66,0,0
2257,2023-11-01 01:00,11.9,0,0.3,70,0,0
2258,2023-11-01 02:00,11.5,0,1.0,71,0,0
2259,2023-11-01 03:00,11.8,0,0.1,68,0,0
2260,2023-11-01 04:00,11.5,0,0.0,66,0,0
2261,2023-11-01 05:00,10.2,0,0.9,73,0,0
2262,2023-11-01 06:00,12.0,0,2.6,61,0,0
2263,2023-11-01 07:00,10.8,0,0.6,65,0.0,0.0
2264,2023-11-01 08:00,12.8,0,0.0,67,0.6,0.29
2265,2023-11-01 09:00,16.5,0,0.4,55,1.0,0.98
2266,2023-11-01 10:00,19.1,0,1.2,47,1.0,1.48
2267,2023-11-01 11:00,21.8,0,1.2,37,1.0,1.96
2268,2023-11-01 12:00,23.7,0,2.1,29,1.0,2.24
2269,2023-11-01 13:00,25.3,0,1.9,32,1.0,2.22
2270,2023-11-01 14:00,23.9,0,2.8,45,1.0,1.94
2271,2023-11-01 15:00,24.9,0,4.0,34,1.0,1.57
2272,2023-11-01 16:00,23.8,0,2.6,45,1.0,1.04
2273,2023-11-01 17:00,22.2,0,3.2,47,0.8,0.4
2274,2023-11-01 18:00,20.5,0,1.8,59,0.0,0.03
2275,2023-11-01 19:00,18.4,0,1.1,69,0,0
2276,2023-11-01 20:00,17.6,0,0.0,75,0,0
2277,2023-11-01 21:00,18.5,0,0.9,75,0,0
2278,2023-11-01 22:00,18.1,0,1.7,78,0,0
2279,2023-11-01 23:00,17.9,0,1.7,76,0,0
